,Rank,track_popularity,context_liveness,context_acousticness
0,1,77,0.0622,0.0134
1,2,81,0.52,0.241
2,3,80,0.0842,0.00314
3,4,77,0.065,0.0994
4,5,80,0.289,0.0991
5,6,75,0.251,0.00144
6,7,79,0.036,0.00379
7,8,72,0.069,0.129
8,9,72,0.163,0.00446
9,10,74,0.113,0.0543
10,11,75,0.689,0.179
11,12,3,0.0822,0.0108
12,13,78,0.082,0.0338
13,14,76,0.107,0.511
14,15,75,0.168,0.173
15,16,74,0.0368,0.11
16,17,81,0.111,0.0401
17,18,67,0.216,0.000315
18,19,68,0.134,0.0162
19,20,75,0.064,0.0283
20,21,66,0.129,0.128
21,22,74,0.0909,0.0327
22,23,63,0.184,0.00327
23,24,71,0.206,0.297
24,25,74,0.0862,0.386
25,26,66,0.0797,0.23
26,27,70,0.145,0.0444
27,28,73,0.117,0.00676
28,29,69,0.0889,0.00681
29,30,81,0.0826,0.185
30,31,78,0.118,0.0275
31,32,72,0.36,0.198
32,33,72,0.12,0.0421
33,34,65,0.348,0.0266
34,35,57,0.159,0.134
35,36,67,0.1,0.541
36,37,61,0.264,0.049
37,38,68,0.0605,0.00481
38,39,2,0.102,0.0242
39,40,69,0.112,0.00521
40,41,65,0.334,0.117
41,42,64,0.378,0.00034
42,43,18,0.0789,0.352
43,44,74,0.0788,0.113
44,45,52,0.378,0.000431
45,46,34,0.125,0.385
46,47,63,0.392,0.255
47,48,65,0.347,0.0127
48,49,63,0.0594,0.021
49,50,0,0.385,0.0205
50,51,0,0.0715,0.00713
51,52,61,0.307,0.179
52,53,68,0.0867,4.14e-05
53,54,57,0.241,0.00544
54,55,70,0.191,0.102
55,56,78,0.205,0.529
56,57,64,0.275,0.348
57,58,62,0.36,0.00564
58,59,66,0.104,0.0339
59,60,55,0.0286,0.0209
60,61,62,0.358,0.00374
61,62,68,0.0787,0.0324
62,63,57,0.238,0.13
63,64,67,0.0505,0.329
64,65,69,0.256,0.114
65,66,0,0.0403,0.0868
66,67,60,0.103,0.0376
67,68,31,0.207,0.00153
68,69,67,0.375,0.000397
69,70,56,0.0583,0.0055
70,71,50,0.167,0.0307
71,72,0,0.196,0.0287
72,73,50,0.161,0.014
73,74,57,0.219,0.0613
74,75,71,0.118,0.74
75,76,72,0.243,0.0298
76,77,65,0.0939,0.2
77,78,54,0.833,0.00453
78,79,46,0.313,0.0198
79,80,65,0.211,0.417
80,81,51,0.343,0.0273
81,82,60,0.424,0.0843
82,83,62,0.106,0.435
83,84,59,0.362,0.0173
84,85,57,0.124,0.0109
85,86,0,0.0966,0.0743
86,87,53,0.143,0.0281
87,88,69,0.602,0.0662
88,89,60,0.0574,0.461
89,90,60,0.107,0.000176
90,91,0,0.0921,0.000665
91,92,54,0.402,0.00237
92,93,68,0.483,0.172
93,94,57,0.122,0.0378
94,95,62,0.0773,0.178
95,96,54,0.324,0.135
96,97,68,0.578,0.0435
97,98,41,0.431,0.0798
98,99,57,0.277,0.209
99,100,68,0.0491,0.0436
100,1,2,0.0473,0.138
101,2,76,0.315,0.0117
102,3,72,0.265,0.0206
103,4,72,0.113,0.141
104,5,77,0.107,0.148
105,6,81,0.267,0.0319
106,7,79,0.0691,0.105
107,8,79,0.0741,0.0761
108,9,74,0.671,0.00125
109,10,77,0.108,0.0319
110,11,1,0.601,0.269
111,12,81,0.298,0.191
112,13,75,0.108,0.025
113,14,74,0.14,0.00472
114,15,71,0.0458,0.00377
115,16,75,0.104,0.332
116,17,75,0.149,0.0843
117,18,70,0.0385,0.0191
118,19,72,0.104,0.0113
119,20,73,0.272,0.0294
120,21,69,0.157,0.227
121,22,75,0.105,0.186
122,23,75,0.029,0.0048
123,24,70,0.104,0.0165
124,25,66,0.0797,0.23
125,26,72,0.259,0.055
126,27,68,0.0894,0.143
127,28,0,0.143,0.0218
128,29,72,0.331,0.00327
129,30,71,0.117,0.00987
130,31,2,0.112,0.00408
131,32,82,0.0833,0.0509
132,33,65,0.369,0.0181
133,34,49,0.604,0.0848
134,35,61,0.267,0.181
135,36,73,0.163,0.0764
136,37,68,0.0934,0.000369
137,38,60,0.36,0.0422
138,39,66,0.109,0.000323
139,40,75,0.0955,0.3
140,41,62,0.187,0.00646
141,42,66,0.348,0.00166
142,43,69,0.073,0.00334
143,44,72,0.132,0.0771
144,45,4,0.0996,0.893
145,46,68,0.119,0.352
146,47,71,0.13,0.562
147,48,66,0.332,0.00379
148,49,70,0.11,0.309
149,50,75,0.176,0.0796
150,51,61,0.156,0.0048
151,52,67,0.0851,0.203
152,53,65,0.202,0.0228
153,54,64,0.275,0.348
154,55,62,0.116,0.0294
155,56,71,0.259,0.0434
156,57,79,0.161,0.00847
157,58,62,0.134,0.02
158,59,60,0.0765,0.14
159,60,77,0.191,0.0267
160,61,74,0.18,0.669
161,62,57,0.364,0.0491
162,63,67,0.191,0.1
163,64,75,0.241,0.00544
164,65,71,0.12,0.726
165,66,70,0.155,0.0189
166,67,65,0.0759,0.0144
167,68,61,0.276,0.109
168,69,82,0.0956,0.145
169,70,69,0.3,0.158
170,71,53,0.0843,0.0658
171,72,63,0.0998,0.446
172,73,0,0.108,0.000177
173,74,62,0.664,0.0334
174,75,48,0.283,0.0887
175,76,42,0.0948,0.00548
176,77,69,0.171,0.00194
177,78,38,0.223,0.336
178,79,55,0.483,0.0184
179,80,48,0.145,0.078
180,81,74,0.0917,0.365
181,82,71,0.111,0.0369
182,83,59,0.24,0.087
183,84,51,0.0845,0.0192
184,85,71,0.144,0.0339
185,86,64,0.146,0.229
186,87,65,0.0757,0.0346
187,88,62,0.105,0.0104
188,89,75,0.271,0.0646
189,90,68,0.0826,0.0597
190,91,70,0.118,0.952
191,92,76,0.0658,0.0182
192,93,70,0.306,0.0869
193,94,60,0.111,0.82
194,95,71,0.185,0.1
195,96,64,0.105,0.187
196,97,62,0.0914,0.0524
197,98,50,0.121,0.00167
198,99,65,0.0404,0.000102
199,100,61,0.391,0.119
200,1,75,0.108,0.025
201,2,78,0.108,0.0114
202,3,75,0.0849,0.02
203,4,82,0.287,0.0188
204,5,72,0.2,0.000802
205,6,82,0.0596,0.009
206,7,85,0.309,0.049
207,8,0,0.125,0.015
208,9,75,0.251,0.135
209,10,77,0.371,0.0239
210,11,71,0.144,0.23
211,12,59,0.0335,0.00454
212,13,77,0.215,0.00498
213,14,0,0.0969,0.0629
214,15,73,0.0744,0.000417
215,16,79,0.204,0.000972
216,17,63,0.126,0.0358
217,18,74,0.121,0.00957
218,19,77,0.0922,0.0884
219,20,74,0.112,0.046
220,21,73,0.082,0.337
221,22,79,0.313,0.00301
222,23,66,0.473,0.0662
223,24,74,0.0418,0.0117
224,25,82,0.0833,0.0509
225,26,76,0.262,0.0991
226,27,73,0.0844,0.0558
227,28,70,0.223,0.00201
228,29,74,0.335,0.0124
229,30,76,0.0801,0.00107
230,31,76,0.0944,0.00144
231,32,76,0.105,0.135
232,33,50,0.108,0.0142
233,34,0,0.285,0.000673
234,35,67,0.361,0.0811
235,36,79,0.127,0.0679
236,37,68,0.0694,0.0368
237,38,74,0.109,0.00125
238,39,76,0.116,0.112
239,40,78,0.123,0.0654
240,41,77,0.29,0.0208
241,42,64,0.0527,0.00765
242,43,69,0.368,0.248
243,44,56,0.107,0.607
244,45,68,0.498,0.244
245,46,63,0.0241,0.0403
246,47,0,0.167,0.617
247,48,1,0.205,0.788
248,49,68,0.114,0.129
249,50,51,0.172,0.00828
250,51,74,0.0895,0.0159
251,52,70,0.207,0.000624
252,53,75,0.0888,0.0267
253,54,63,0.167,0.0272
254,55,65,0.392,0.0749
255,56,70,0.11,0.309
256,57,74,0.084,0.0841
257,58,66,0.282,0.000145
258,59,75,0.11,0.135
259,60,77,0.115,0.0525
260,61,0,0.102,0.00657
261,62,67,0.181,0.255
262,63,70,0.0927,0.0178
263,64,65,0.575,0.0488
264,65,66,0.179,0.00117
265,66,47,0.0986,0.0034
266,67,68,0.142,0.000284
267,68,70,0.144,0.0162
268,69,75,0.306,0.0588
269,70,63,0.156,0.000238
270,71,0,0.0664,0.0022
271,72,61,0.148,0.134
272,73,0,0.097,0.186
273,74,0,0.0868,0.0158
274,75,74,0.0908,0.765
275,76,77,0.309,0.0462
276,77,67,0.0966,0.00225
277,78,74,0.114,0.417
278,79,62,0.131,0.0297
279,80,62,0.144,0.0548
280,81,62,0.145,0.00473
281,82,70,0.115,0.694
282,83,65,0.294,0.00777
283,84,66,0.287,0.00385
284,85,68,0.104,0.227
285,86,57,0.117,0.0256
286,87,64,0.219,0.0403
287,88,57,0.224,0.00656
288,89,72,0.091,0.00417
289,90,60,0.105,0.0932
290,91,0,0.853,0.357
291,92,63,0.0283,0.0909
292,93,45,0.652,0.027
293,94,56,0.0887,0.806
294,95,67,0.191,0.1
295,96,0,0.174,0.00234
296,97,66,0.344,0.0841
297,98,65,0.0926,0.822
298,99,63,0.24,0.00173
299,100,55,0.228,0.0593
300,1,77,0.132,0.121
301,2,55,0.0783,0.00412
302,3,76,0.668,0.106
303,4,6,0.161,0.0038
304,5,85,0.309,0.049
305,6,1,0.0457,0.0619
306,7,83,0.101,0.0426
307,8,72,0.0682,0.000688
308,9,79,0.239,0.0738
309,10,76,0.0789,0.0227
310,11,79,0.0561,0.0098
311,12,77,0.341,0.039
312,13,76,0.0335,0.00454
313,14,89,0.101,0.0495
314,15,71,0.108,0.00144
315,16,77,0.0946,0.234
316,17,0,0.209,0.00357
317,18,0,0.0751,0.0366
318,19,68,0.0477,0.00215
319,20,72,0.107,0.00351
320,21,74,0.271,0.0755
321,22,0,0.0889,0.000189
322,23,0,0.247,0.162
323,24,84,0.104,0.0483
324,25,77,0.37,0.00882
325,26,81,0.0862,0.0291
326,27,50,0.136,0.0525
327,28,65,0.076,0.294
328,29,78,0.324,0.0412
329,30,75,0.12,0.0525
330,31,0,0.415,0.015
331,32,78,0.131,0.019
332,33,58,0.111,0.112
333,34,72,0.354,0.00487
334,35,68,0.153,0.00952
335,36,66,0.311,0.36
336,37,83,0.088,0.932
337,38,88,0.0944,0.695
338,39,70,0.105,0.31
339,40,68,0.0748,0.00112
340,41,72,0.021,0.154
341,42,66,0.255,0.00242
342,43,80,0.269,0.19
343,44,79,0.146,0.0206
344,45,69,0.0809,0.0101
345,46,72,0.13,0.0157
346,47,76,0.0944,0.00144
347,48,77,0.107,0.407
348,49,60,0.147,0.0203
349,50,75,0.117,0.945
350,51,65,0.586,0.025
351,52,68,0.331,0.173
352,53,61,0.213,0.0059
353,54,70,0.237,0.41
354,55,56,0.307,0.0348
355,56,73,0.103,0.00453
356,57,67,0.316,0.332
357,58,60,0.315,0.00616
358,59,79,0.132,0.346
359,60,72,0.0733,0.00411
360,61,73,0.104,0.385
361,62,62,0.256,0.0594
362,63,64,0.368,0.000532
363,64,51,0.11,0.312
364,65,67,0.0946,0.0125
365,66,70,0.0567,0.197
366,67,0,0.0769,0.128
367,68,74,0.0908,0.765
368,69,83,0.217,0.186
369,70,0,0.0843,0.172
370,71,0,0.0616,0.124
371,72,65,0.295,0.0559
372,73,59,0.114,0.132
373,74,71,0.537,0.0271
374,75,48,0.162,0.0831
375,76,64,0.375,0.00726
376,77,54,0.311,0.00963
377,78,56,0.698,0.136
378,79,65,0.0958,0.00262
379,80,59,0.119,0.00627
380,81,57,0.0536,0.0191
381,82,0,0.0636,0.0241
382,83,0,0.111,0.0466
383,84,66,0.0632,0.0391
384,85,67,0.0631,0.0736
385,86,67,0.164,0.103
386,87,0,0.426,0.322
387,88,57,0.117,0.0256
388,89,61,0.0525,0.0469
389,90,65,0.427,0.00264
390,91,27,0.354,0.00176
391,92,53,0.197,0.0119
392,93,0,0.124,0.181
393,94,0,0.296,0.0205
394,95,61,0.089,0.0192
395,96,0,0.0714,0.00137
396,97,63,0.119,0.107
397,98,63,0.602,0.0143
398,99,60,0.0974,0.934
399,100,0,0.263,0.00304
400,1,79,0.0908,0.219
401,2,73,0.165,0.00314
402,3,0,0.0675,0.0179
403,4,69,0.0491,0.0904
404,5,61,0.118,0.00245
405,6,80,0.11,0.588
406,7,79,0.305,0.0422
407,8,77,0.0685,0.0197
408,9,84,0.132,0.922
409,10,78,0.114,0.00433
410,11,72,0.124,0.0573
411,12,81,0.157,0.0384
412,13,77,0.285,0.0317
413,14,73,0.327,0.000569
414,15,54,0.201,0.0885
415,16,61,0.117,0.0654
416,17,21,0.1,0.0215
417,18,79,0.593,0.000185
418,19,74,0.0829,0.0703
419,20,83,0.115,0.859
420,21,76,0.55,0.175
421,22,77,0.132,0.00489
422,23,80,0.334,0.0958
423,24,74,0.0764,0.00937
424,25,80,0.139,0.0295
425,26,79,0.334,0.0647
426,27,0,0.101,0.0193
427,28,76,0.305,0.167
428,29,80,0.119,0.225
429,30,72,0.193,0.162
430,31,64,0.323,0.019
431,32,80,0.151,0.431
432,33,0,0.204,0.0064
433,34,80,0.209,0.00617
434,35,0,0.086,0.0553
435,36,77,0.38,0.26
436,37,78,0.0558,0.0591
437,38,72,0.635,0.0113
438,39,62,0.0947,0.109
439,40,52,0.239,0.0373
440,41,73,0.159,0.0192
441,42,48,0.191,0.154
442,43,70,0.105,0.31
443,44,0,0.452,0.0132
444,45,66,0.0823,0.0966
445,46,52,0.0962,0.563
446,47,74,0.0895,0.0159
447,48,75,0.343,0.0287
448,49,58,0.142,0.053
449,50,66,0.162,0.0343
450,51,83,0.0986,0.607
451,52,67,0.109,0.192
452,53,73,0.0741,0.00218
453,54,71,0.12,0.0372
454,55,74,0.11,0.392
455,56,65,0.128,0.403
456,57,56,0.307,0.0348
457,58,75,0.188,0.746
458,59,72,0.021,0.154
459,60,65,0.214,0.0668
460,61,0,0.115,0.434
461,62,0,0.199,0.00106
462,63,62,0.177,0.000526
463,64,0,0.15,0.0915
464,65,55,0.134,0.527
465,66,62,0.143,0.0457
466,67,54,0.208,0.0697
467,68,2,0.0828,0.0309
468,69,66,0.0656,0.000792
469,70,71,0.111,0.15
470,71,73,0.0759,0.427
471,72,0,0.225,0.000739
472,73,80,0.0766,0.529
473,74,81,0.184,0.474
474,75,72,0.188,0.0168
475,76,2,0.0829,0.00821
476,77,72,0.0658,0.000132
477,78,66,0.0399,0.0467
478,79,71,0.115,0.129
479,80,2,0.107,0.874
480,81,62,0.104,0.328
481,82,73,0.12,0.558
482,83,69,0.146,0.0117
483,84,69,0.306,0.0141
484,85,69,0.0601,0.304
485,86,53,0.109,0.251
486,87,68,0.141,0.0355
487,88,67,0.336,0.00521
488,89,0,0.207,0.0239
489,90,69,0.181,0.00969
490,91,44,0.328,0.00125
491,92,67,0.0963,0.0506
492,93,69,0.0913,0.857
493,94,3,0.108,0.0883
494,95,65,0.162,0.0802
495,96,48,0.29,0.00129
496,97,0,0.0818,0.0135
497,98,59,0.0973,0.167
498,99,67,0.0851,0.00377
499,100,50,0.14,0.649
500,1,81,0.0344,0.00801
501,2,81,0.184,0.474
502,3,80,0.0649,0.369
503,4,77,0.0811,0.59
504,5,73,0.565,0.00346
505,6,75,0.0972,0.385
506,7,78,0.125,0.247
507,8,78,0.106,0.0709
508,9,79,0.124,0.343
509,10,78,0.096,0.093
510,11,82,0.0913,0.103
511,12,76,0.119,0.0598
512,13,76,0.0452,0.304
513,14,78,0.0486,0.0152
514,15,1,0.317,0.0352
515,16,80,0.694,0.0921
516,17,0,0.0853,0.00441
517,18,79,0.0657,0.109
518,19,70,0.139,0.0294
519,20,84,0.249,0.0166
520,21,0,0.189,0.141
521,22,0,0.0763,0.0526
522,23,78,0.322,0.213
523,24,77,0.118,0.00245
524,25,72,0.317,0.375
525,26,73,0.269,0.00312
526,27,0,0.28,0.835
527,28,74,0.0764,0.00937
528,29,79,0.198,0.31
529,30,81,0.257,0.00701
530,31,0,0.149,0.0029
531,32,0,0.256,0.00407
532,33,45,0.215,0.00543
533,34,72,0.0874,0.0266
534,35,69,0.214,0.0223
535,36,80,0.299,0.0797
536,37,83,0.135,0.0671
537,38,1,0.172,0.0356
538,39,66,0.0823,0.0966
539,40,77,0.177,0.4
540,41,75,0.325,0.24
541,42,0,0.11,0.322
542,43,76,0.155,0.0549
543,44,85,0.123,0.0678
544,45,73,0.118,0.063
545,46,2,0.095,0.303
546,47,70,0.111,0.0506
547,48,70,0.294,0.0118
548,49,76,0.388,0.0392
549,50,64,0.142,0.053
550,51,64,0.0869,0.00188
551,52,77,0.16,0.166
552,53,1,0.105,0.0142
553,54,71,0.108,0.12
554,55,0,0.28,0.00621
555,56,77,0.13,0.875
556,57,0,0.351,0.0289
557,58,78,0.105,0.113
558,59,74,0.625,0.00256
559,60,73,0.0789,0.041
560,61,64,0.0973,0.00795
561,62,68,0.349,0.417
562,63,81,0.116,0.634
563,64,77,0.0504,0.00258
564,65,74,0.0856,0.00711
565,66,76,0.128,0.0215
566,67,71,0.208,0.0697
567,68,74,0.109,0.00906
568,69,67,0.342,0.0147
569,70,77,0.112,0.213
570,71,0,0.0863,0.264
571,72,0,0.382,0.0665
572,73,65,0.817,0.0288
573,74,0,0.0793,0.0804
574,75,83,0.0602,0.0462
575,76,66,0.0656,0.000792
576,77,68,0.0902,0.205
577,78,67,0.354,0.0244
578,79,0,0.0741,0.154
579,80,70,0.0851,0.0399
580,81,69,0.115,0.456
581,82,60,0.0666,0.0948
582,83,67,0.0793,0.0242
583,84,49,0.111,0.759
584,85,67,0.299,0.484
585,86,44,0.11,0.679
586,87,79,0.102,0.00359
587,88,69,0.126,0.0128
588,89,68,0.0869,0.817
589,90,0,0.0463,0.0696
590,91,2,0.0854,0.329
591,92,49,0.233,0.0375
592,93,66,0.117,0.175
593,94,73,0.257,0.0509
594,95,32,0.131,0.466
595,96,62,0.104,0.328
596,97,78,0.0963,0.223
597,98,76,0.163,0.0185
598,99,0,0.334,0.234
599,100,68,0.118,0.0242
600,1,0,0.134,0.165
601,2,84,0.329,0.00776
602,3,0,0.28,0.835
603,4,83,0.111,0.414
604,5,1,0.0854,0.329
605,6,70,0.366,0.028
606,7,0,0.0962,0.082
607,8,67,0.0775,0.0561
608,9,3,0.145,0.0162
609,10,75,0.0919,0.0752
610,11,86,0.0943,0.0371
611,12,80,0.299,0.0797
612,13,76,0.191,0.0123
613,14,59,0.089,0.104
614,15,73,0.147,0.102
615,16,45,0.269,0.00312
616,17,79,0.179,0.621
617,18,70,0.27,0.0915
618,19,1,0.11,0.0239
619,20,79,0.0825,0.11
620,21,82,0.107,0.106
621,22,71,0.108,0.12
622,23,0,0.156,0.0736
623,24,1,0.178,0.141
624,25,79,0.148,0.199
625,26,73,0.309,0.0435
626,27,0,0.104,0.379
627,28,76,0.454,0.109
628,29,82,0.325,0.211
629,30,0,0.292,0.0408
630,31,74,0.0939,0.308
631,32,72,0.064,0.0352
632,33,70,0.0933,0.0584
633,34,0,0.0902,0.63
634,35,58,0.122,0.699
635,36,2,0.095,0.303
636,37,69,0.214,0.0223
637,38,65,0.311,0.147
638,39,68,0.144,0.253
639,40,0,0.353,0.0612
640,41,0,0.0504,0.00347
641,42,81,0.135,0.0863
642,43,1,0.0733,0.225
643,44,77,0.0843,0.0353
644,45,78,0.0963,0.223
645,46,75,0.0644,0.103
646,47,1,0.172,0.0356
647,48,77,0.158,0.0184
648,49,73,0.1,0.0489
649,50,73,0.124,0.0862
650,51,65,0.0841,0.0783
651,52,61,0.197,0.364
652,53,59,0.159,0.0431
653,54,0,0.201,0.0362
654,55,67,0.253,0.00175
655,56,64,0.0584,0.011
656,57,77,0.101,0.687
657,58,0,0.0549,0.0199
658,59,63,0.0574,0.00383
659,60,67,0.342,0.0147
660,61,76,0.128,0.0215
661,62,0,0.138,0.00451
662,63,67,0.24,0.0282
663,64,78,0.136,0.157
664,65,0,0.277,0.372
665,66,70,0.126,0.204
666,67,79,0.0371,0.152
667,68,80,0.113,0.00835
668,69,0,0.0515,0.256
669,70,49,0.15,0.548
670,71,76,0.135,0.107
671,72,0,0.163,0.441
672,73,79,0.415,0.67
673,74,69,0.737,0.0124
674,75,61,0.0526,0.023
675,76,72,0.101,0.0789
676,77,70,0.115,0.403
677,78,72,0.0889,0.965
678,79,57,0.176,0.0812
679,80,67,0.0905,0.0022
680,81,74,0.161,0.093
681,82,60,0.119,0.0997
682,83,50,0.257,0.161
683,84,53,0.0616,0.0731
684,85,60,0.482,0.085
685,86,0,0.123,0.0118
686,87,63,0.0705,0.0692
687,88,54,0.105,0.572
688,89,0,0.129,0.343
689,90,68,0.108,0.0114
690,91,62,0.057,0.236
691,92,76,0.149,0.00205
692,93,78,0.391,0.287
693,94,75,0.65,0.255
694,95,46,0.336,0.0553
695,96,73,0.146,0.337
696,97,65,0.0756,0.014
697,98,55,0.134,0.615
698,99,0,0.0727,0.379
699,100,1,0.307,0.453
700,1,84,0.0931,0.581
701,2,0,0.234,0.281
702,3,0,0.112,0.209
703,4,78,0.169,0.64
704,5,75,0.18,0.406
705,6,2,0.104,0.186
706,7,1,0.155,0.00683
707,8,68,0.0983,0.343
708,9,82,0.164,0.0498
709,10,84,0.106,0.163
710,11,0,0.0913,0.381
711,12,73,0.33,0.0041
712,13,75,0.111,0.0285
713,14,77,0.106,0.102
714,15,83,0.206,0.0466
715,16,76,0.0841,0.0337
716,17,0,0.0424,0.118
717,18,0,0.0848,0.0969
718,19,73,0.0939,0.0215
719,20,60,0.104,0.15
720,21,83,0.0902,0.695
721,22,82,0.0944,0.013
722,23,0,0.111,0.118
723,24,60,0.114,0.00261
724,25,75,0.116,0.253
725,26,67,0.106,0.0575
726,27,51,0.0516,0.091
727,28,72,0.0853,0.0478
728,29,77,0.261,0.0895
729,30,0,0.325,0.0631
730,31,77,0.327,0.0735
731,32,0,0.29,0.0214
732,33,67,0.225,0.219
733,34,61,0.0813,0.0037
734,35,80,0.0829,0.469
735,36,79,0.165,0.199
736,37,79,0.135,0.536
737,38,75,0.0864,0.119
738,39,71,0.0921,0.054
739,40,0,0.423,0.04
740,41,83,0.0795,0.896
741,42,0,0.194,0.0435
742,43,77,0.14,0.0232
743,44,76,0.126,0.204
744,45,77,0.0456,0.00163
745,46,0,0.164,0.206
746,47,67,0.285,0.00778
747,48,1,0.0765,0.246
748,49,0,0.29,0.0323
749,50,0,0.306,0.00459
750,51,72,0.197,0.0527
751,52,0,0.308,0.0534
752,53,0,0.0855,0.0786
753,54,63,0.122,0.0313
754,55,78,0.153,0.034
755,56,74,0.055,0.011
756,57,0,0.067,0.157
757,58,74,0.0813,0.0767
758,59,64,0.0513,0.158
759,60,71,0.167,0.0552
760,61,0,0.0609,0.413
761,62,73,0.112,0.0323
762,63,78,0.0943,0.0642
763,64,81,0.104,0.0293
764,65,57,0.15,0.127
765,66,53,0.0683,0.134
766,67,62,0.0563,0.00638
767,68,48,0.159,0.0605
768,69,0,0.184,0.137
769,70,69,0.062,0.0204
770,71,57,0.0839,0.0853
771,72,73,0.0906,0.0281
772,73,74,0.187,0.075
773,74,64,0.362,0.167
774,75,73,0.0879,0.0209
775,76,0,0.0972,0.158
776,77,0,0.198,0.568
777,78,62,0.256,0.222
778,79,82,0.109,0.0275
779,80,69,0.0711,0.226
780,81,78,0.0898,0.33
781,82,81,0.253,0.215
782,83,67,0.0911,0.152
783,84,1,0.14,0.0524
784,85,4,0.123,0.00522
785,86,0,0.109,0.48
786,87,71,0.229,0.378
787,88,64,0.099,0.197
788,89,77,0.0679,0.428
789,90,69,0.199,0.0814
790,91,66,0.131,0.107
791,92,79,0.117,0.0362
792,93,0,0.0789,0.0717
793,94,78,0.196,0.0689
794,95,62,0.104,0.0364
795,96,72,0.254,0.498
796,97,70,0.0429,0.00175
797,98,72,0.118,0.0329
798,99,7,0.127,0.229
799,100,52,0.134,0.0178
800,1,81,0.552,0.0332
801,2,83,0.131,0.124
802,3,81,0.104,0.535
803,4,80,0.137,0.0372
804,5,69,0.124,0.0169
805,6,83,0.34,0.349
806,7,79,0.112,0.171
807,8,78,0.128,0.205
808,9,78,0.372,0.099
809,10,71,0.122,0.0716
810,11,77,0.294,0.04
811,12,80,0.0926,0.0605
812,13,80,0.0814,0.037
813,14,76,0.0841,0.0337
814,15,86,0.095,0.934
815,16,68,0.11,0.0984
816,17,79,0.17,0.256
817,18,78,0.237,0.0233
818,19,78,0.0824,0.0403
819,20,75,0.308,0.0534
820,21,79,0.135,0.331
821,22,75,0.116,0.555
822,23,69,0.109,0.147
823,24,74,0.137,0.181
824,25,72,0.0912,0.0558
825,26,81,0.167,0.191
826,27,73,0.0215,0.0185
827,28,78,0.204,0.124
828,29,73,0.134,0.0956
829,30,82,0.155,0.113
830,31,80,0.307,0.17
831,32,66,0.0865,0.0733
832,33,79,0.179,0.312
833,34,72,0.0586,0.374
834,35,70,0.0955,0.299
835,36,70,0.0618,0.000254
836,37,70,0.203,0.327
837,38,75,0.451,0.0161
838,39,74,0.083,0.047
839,40,72,0.0893,0.0604
840,41,82,0.123,0.258
841,42,78,0.0813,0.697
842,43,80,0.153,0.264
843,44,67,0.191,0.811
844,45,71,0.0537,0.00413
845,46,53,0.0962,0.178
846,47,72,0.107,0.225
847,48,72,0.0383,0.211
848,49,75,0.0911,0.216
849,50,71,0.325,0.0305
850,51,81,0.102,0.556
851,52,73,0.165,0.194
852,53,64,0.0628,0.314
853,54,69,0.111,0.0762
854,55,75,0.0642,0.157
855,56,71,0.171,0.802
856,57,75,0.396,0.0589
857,58,78,0.0984,0.883
858,59,80,0.114,0.149
859,60,73,0.13,0.568
860,61,70,0.132,0.0312
861,62,74,0.13,0.0573
862,63,77,0.111,0.546
863,64,67,0.0688,0.193
864,65,72,0.231,0.0659
865,66,71,0.162,0.648
866,67,81,0.124,0.00513
867,68,68,0.12,0.109
868,69,61,0.107,0.0959
869,70,71,0.35,0.0441
870,71,0,0.0543,0.0476
871,72,77,0.119,0.0891
872,73,55,0.062,0.0615
873,74,73,0.101,0.0236
874,75,62,0.12,0.0228
875,76,70,0.222,0.484
876,77,72,0.0713,0.142
877,78,64,0.094,0.0233
878,79,61,0.157,0.0167
879,80,74,0.106,0.0876
880,81,64,0.0696,0.00149
881,82,71,0.742,0.0145
882,83,67,0.0952,0.0256
883,84,76,0.242,0.286
884,85,79,0.108,0.0355
885,86,56,0.454,0.0387
886,87,41,0.136,0.088
887,88,72,0.159,0.00263
888,89,69,0.0761,0.0425
889,90,77,0.104,0.0165
890,91,76,0.248,0.194
891,92,67,0.078,0.0862
892,93,59,0.0834,0.0784
893,94,56,0.106,0.25
894,95,60,0.0959,0.279
895,96,72,0.0725,0.000239
896,97,70,0.15,0.0791
897,98,59,0.0781,0.00565
898,99,71,0.128,0.000813
899,100,79,0.0812,0.217
900,1,78,0.113,0.0533
901,2,83,0.1,0.328
902,3,78,0.0828,0.0392
903,4,83,0.0881,0.592
904,5,79,0.0685,0.533
905,6,77,0.111,0.153
906,7,77,0.0936,0.297
907,8,79,0.0952,0.0125
908,9,82,0.231,0.371
909,10,77,0.159,0.119
910,11,84,0.105,0.751
911,12,78,0.105,0.117
912,13,24,0.21,0.576
913,14,73,0.147,0.524
914,15,79,0.106,0.0427
915,16,72,0.316,0.194
916,17,2,0.242,0.176
917,18,81,0.118,0.492
918,19,83,0.115,0.0933
919,20,80,0.101,0.229
920,21,72,0.0801,0.124
921,22,1,0.0977,0.489
922,23,34,0.192,0.0923
923,24,82,0.124,0.74
924,25,70,0.14,0.0984
925,26,73,0.0894,0.0902
926,27,73,0.0832,0.0642
927,28,73,0.0763,0.153
928,29,76,0.106,0.0421
929,30,86,0.095,0.934
930,31,69,0.105,0.0771
931,32,84,0.0863,0.192
932,33,7,0.166,0.0691
933,34,70,0.3,0.0192
934,35,77,0.0793,0.296
935,36,78,0.388,0.00987
936,37,75,0.0637,0.00929
937,38,75,0.222,0.45
938,39,74,0.154,0.367
939,40,80,0.064,0.193
940,41,65,0.319,0.0169
941,42,4,0.353,0.0737
942,43,71,0.0599,0.0516
943,44,1,0.325,0.318
944,45,75,0.0995,0.443
945,46,78,0.0658,0.0204
946,47,78,0.0955,0.271
947,48,78,0.104,0.223
948,49,0,0.11,0.675
949,50,72,0.156,0.0623
950,51,1,0.111,0.447
951,52,66,0.165,0.435
952,53,71,0.123,0.342
953,54,71,0.119,0.272
954,55,64,0.121,0.289
955,56,70,0.0642,0.157
956,57,79,0.135,0.331
957,58,72,0.442,0.256
958,59,57,0.0689,0.0856
959,60,72,0.11,0.00534
960,61,63,0.361,0.132
961,62,78,0.186,0.946
962,63,51,0.0673,0.156
963,64,52,0.153,0.328
964,65,67,0.113,0.456
965,66,78,0.103,0.136
966,67,69,0.248,0.17
967,68,68,0.214,0.00485
968,69,75,0.101,0.0151
969,70,80,0.0897,0.978
970,71,66,0.179,0.0507
971,72,69,0.0717,0.162
972,73,63,0.123,0.11
973,74,70,0.0645,0.108
974,75,77,0.099,0.0141
975,76,63,0.0669,0.214
976,77,73,0.582,0.0644
977,78,57,0.0523,0.077
978,79,63,0.32,0.0547
979,80,75,0.111,0.0153
980,81,71,0.142,0.0131
981,82,68,0.121,0.251
982,83,66,0.162,0.219
983,84,63,0.297,0.128
984,85,59,0.156,0.269
985,86,71,0.0672,0.000677
986,87,73,0.148,0.407
987,88,61,0.101,0.0107
988,89,78,0.149,0.692
989,90,69,0.102,0.0939
990,91,77,0.0698,0.15
991,92,80,0.106,0.177
992,93,67,0.126,0.201
993,94,80,0.795,0.23
994,95,75,0.101,0.0578
995,96,66,0.0976,0.247
996,97,56,0.104,0.389
997,98,81,0.124,0.00513
998,99,79,0.0937,0.404
999,100,78,0.0574,0.11
1000,1,17,0.0938,0.00147
1001,2,88,0.335,0.122
1002,3,67,0.349,0.167
1003,4,80,0.0904,0.264
1004,5,10,0.094,0.468
1005,6,80,0.79,0.104
1006,7,75,0.102,0.3
1007,8,74,0.323,0.021
1008,9,80,0.101,0.247
1009,10,80,0.0824,0.0194
1010,11,82,0.696,0.731
1011,12,0,0.0936,0.0112
1012,13,12,0.272,0.221
1013,14,48,0.25,0.537
1014,15,59,0.285,0.0149
1015,16,81,0.133,0.65
1016,17,73,0.114,0.321
1017,18,63,0.17,0.688
1018,19,75,0.132,0.207
1019,20,56,0.111,0.25
1020,21,63,0.16,0.0173
1021,22,73,0.0828,0.0676
1022,23,72,0.15,0.067
1023,24,79,0.0952,0.0125
1024,25,3,0.0887,0.123
1025,26,82,0.382,0.223
1026,27,81,0.113,0.401
1027,28,84,0.0863,0.192
1028,29,68,0.127,0.016
1029,30,83,0.0906,0.785
1030,31,62,0.203,0.00115
1031,32,69,0.116,0.366
1032,33,81,0.0885,0.604
1033,34,73,0.109,0.143
1034,35,84,0.102,0.0237
1035,36,1,0.0544,0.0694
1036,37,71,0.0996,0.749
1037,38,78,0.46,0.0522
1038,39,80,0.193,0.114
1039,40,74,0.134,0.057
1040,41,32,0.0822,0.837
1041,42,75,0.055,0.218
1042,43,64,0.154,0.0546
1043,44,77,0.0714,0.183
1044,45,81,0.248,0.237
1045,46,64,0.0761,0.0103
1046,47,79,0.0674,0.00883
1047,48,76,0.157,0.233
1048,49,76,0.185,0.0631
1049,50,78,0.129,0.223
1050,51,81,0.0489,0.168
1051,52,77,0.269,0.234
1052,53,77,0.11,0.0563
1053,54,80,0.107,0.244
1054,55,83,0.292,0.145
1055,56,75,0.0898,0.196
1056,57,78,0.0736,0.00285
1057,58,63,0.123,0.291
1058,59,64,0.103,0.208
1059,60,1,0.152,0.00391
1060,61,17,0.372,0.137
1061,62,69,0.0823,0.193
1062,63,77,0.0574,0.295
1063,64,81,0.106,0.902
1064,65,76,0.0541,0.00776
1065,66,84,0.105,0.751
1066,67,80,0.106,0.177
1067,68,75,0.116,0.864
1068,69,76,0.173,0.00536
1069,70,77,0.393,0.0686
1070,71,74,0.102,0.0137
1071,72,76,0.0626,0.185
1072,73,78,0.109,0.866
1073,74,44,0.792,0.0259
1074,75,66,0.489,0.0604
1075,76,0,0.267,0.00336
1076,77,79,0.224,0.612
1077,78,72,0.281,0.145
1078,79,79,0.0685,0.533
1079,80,64,0.0411,0.0342
1080,81,83,0.1,0.328
1081,82,77,0.25,0.316
1082,83,72,0.149,0.131
1083,84,71,0.115,0.192
1084,85,70,0.216,0.0902
1085,86,70,0.0773,0.00839
1086,87,72,0.0873,0.00559
1087,88,31,0.275,0.00146
1088,89,84,0.322,0.584
1089,90,80,0.107,0.0103
1090,91,81,0.21,0.0546
1091,92,79,0.0876,0.0332
1092,93,75,0.112,0.853
1093,94,71,0.352,0.795
1094,95,78,0.0828,0.0392
1095,96,62,0.282,0.00346
1096,97,75,0.0832,0.12
1097,98,83,0.149,0.0847
1098,99,78,0.0848,0.487
1099,100,78,0.166,0.0681
1100,1,30,0.101,0.3
1101,2,68,0.0927,0.182
1102,3,86,0.359,0.127
1103,4,83,0.123,0.235
1104,5,81,0.248,0.237
1105,6,82,0.152,0.161
1106,7,80,0.384,0.297
1107,8,80,0.15,0.175
1108,9,38,0.364,0.0469
1109,10,82,0.203,0.112
1110,11,81,0.688,0.499
1111,12,91,0.117,0.0888
1112,13,30,0.105,0.721
1113,14,86,0.42,0.321
1114,15,90,0.103,0.0383
1115,16,79,0.0674,0.00883
1116,17,86,0.0921,0.44
1117,18,10,0.0906,0.00323
1118,19,85,0.0936,0.0215
1119,20,88,0.133,0.578
1120,21,88,0.128,0.767
1121,22,81,0.303,0.524
1122,23,22,0.341,0.593
1123,24,74,0.0461,0.0012
1124,25,83,0.0932,0.31
1125,26,84,0.0931,0.468
1126,27,83,0.088,0.274
1127,28,86,0.2,0.00813
1128,29,13,0.0424,0.281
1129,30,83,0.338,0.21
1130,31,76,0.113,0.181
1131,32,5,0.32,0.266
1132,33,79,0.0424,0.281
1133,34,75,0.0956,0.173
1134,35,80,0.135,0.451
1135,36,80,0.142,0.181
1136,37,76,0.0966,0.0215
1137,38,86,0.161,0.365
1138,39,77,0.183,0.0319
1139,40,82,0.113,0.401
1140,41,76,0.145,0.833
1141,42,84,0.324,0.174
1142,43,76,0.103,0.212
1143,44,76,0.132,0.0106
1144,45,72,0.0989,0.135
1145,46,75,0.127,0.2
1146,47,76,0.0962,0.122
1147,48,76,0.328,0.698
1148,49,76,0.0655,0.0206
1149,50,64,0.0761,0.0103
1150,51,89,0.0897,0.00146
1151,52,82,0.0866,0.0303
1152,53,33,0.154,0.0377
1153,54,75,0.055,0.218
1154,55,66,0.124,0.0251
1155,56,83,0.112,0.414
1156,57,77,0.111,0.256
1157,58,88,0.335,0.122
1158,59,4,0.0577,0.705
1159,60,64,0.0994,0.0206
1160,61,27,0.134,0.655
1161,62,38,0.0936,0.0112
1162,63,81,0.0489,0.168
1163,64,87,0.543,0.0212
1164,65,73,0.107,0.0166
1165,66,76,0.0684,0.00302
1166,67,69,0.227,0.205
1167,68,75,0.162,0.0136
1168,69,69,0.131,0.0174
1169,70,70,0.0975,0.127
1170,71,61,0.101,0.22
1171,72,76,0.1,0.36
1172,73,77,0.214,0.0622
1173,74,7,0.232,0.937
1174,75,89,0.135,0.276
1175,76,77,0.347,0.217
1176,77,72,0.0926,0.304
1177,78,85,0.0845,0.0164
1178,79,83,0.178,0.00165
1179,80,36,0.337,0.00544
1180,81,79,0.0998,0.0904
1181,82,83,0.215,0.0503
1182,83,88,0.0926,0.304
1183,84,20,0.109,0.0466
1184,85,88,0.128,0.00776
1185,86,91,0.0486,0.00614
1186,87,62,0.063,0.00397
1187,88,74,0.418,0.13
1188,89,57,0.17,0.037
1189,90,70,0.156,0.0021
1190,91,90,0.0952,0.034
1191,92,83,0.118,0.00226
1192,93,64,0.199,0.00727
1193,94,70,0.128,0.815
1194,1,96,0.0921,0.44
1195,2,97,0.0909,0.15
1196,3,94,0.103,0.0383
1197,4,92,0.0658,0.0495
1198,5,90,0.434,0.237
1199,6,79,0.0915,0.0354
1200,7,100,0.367,0.299
1201,8,91,0.0476,0.0221
1202,9,98,0.14,0.0934
1203,10,92,0.0878,0.356
1204,11,94,0.415,0.185
1205,12,96,0.0424,0.281
1206,13,96,0.116,0.0228
1207,14,97,0.117,0.0888
1208,15,94,0.0534,0.0924
1209,16,95,0.333,0.182
1210,17,91,0.133,0.578
1211,18,97,0.0486,0.00614
1212,19,96,0.172,0.515
1213,20,96,0.366,0.0451
1214,21,87,0.128,0.00776
1215,22,96,0.0901,0.0301
1216,23,96,0.0849,0.335
1217,24,96,0.194,0.232
1218,25,96,0.304,0.148
1219,26,86,0.108,0.0789
1220,27,89,0.328,0.0114
1221,28,95,0.0897,0.00146
1222,29,96,0.115,0.583
1223,30,59,0.09,0.717
1224,31,95,0.0865,0.0889
1225,32,94,0.0926,0.304
1226,33,94,0.101,0.0495
1227,34,94,0.0864,0.0157
1228,35,95,0.135,0.276
1229,36,89,0.12,0.259
1230,37,95,0.0703,0.0209
1231,38,83,0.0881,0.105
1232,39,94,0.12,0.691
1233,40,62,0.11,0.823
1234,41,95,0.111,0.357
1235,42,87,0.14,0.00425
1236,43,90,0.0674,0.00883
1237,44,91,0.0979,0.341
1238,45,84,0.19,0.0515
1239,46,92,0.0964,0.0423
1240,47,93,0.106,0.768
1241,48,86,0.128,0.252
1242,49,92,0.543,0.0212
1243,50,93,0.286,0.0484
