,Rank,track_popularity,mood_danceability,mood_valence,mood_energy,mood_tempo
0,1,77,0.635,0.424,0.841,109.021
1,2,81,0.749,0.641,0.925,86.989
2,3,80,0.696,0.714,0.921,119.001
3,4,77,0.791,0.714,0.59,119.951
4,5,80,0.755,0.714,0.837,120.028
5,6,75,0.546,0.375,0.916,129.983
6,7,79,0.751,0.816,0.783,119.975
7,8,72,0.789,0.611,0.716,125.906
8,9,72,0.791,0.425,0.754,125.014
9,10,74,0.72,0.828,0.607,121.223
10,11,75,0.768,0.625,0.82,129.965
11,12,3,0.657,0.683,0.695,65.997
12,13,78,0.663,0.654,0.861,119.963
13,14,76,0.498,0.0784,0.59,145.867
14,15,75,0.706,0.195,0.751,91.031
15,16,74,0.66,0.377,0.867,93.033
16,17,81,0.728,0.535,0.859,65.043
17,18,67,0.703,0.726,0.81,102.978
18,19,68,0.719,0.591,0.798,120.011
19,20,75,0.616,0.473,0.869,127.966
20,21,66,0.442,0.578,0.83,89.338
21,22,74,0.607,0.568,0.934,122.01
22,23,63,0.621,0.672,0.78,121.038
23,24,71,0.633,0.659,0.673,86.776
24,25,74,0.688,0.743,0.853,103.993
25,26,66,0.692,0.583,0.786,100.025
26,27,70,0.615,0.711,0.711,144.036
27,28,73,0.435,0.778,0.837,124.913
28,29,69,0.826,0.756,0.612,120.057
29,30,81,0.673,0.795,0.886,97.012
30,31,78,0.512,0.472,0.662,180.114
31,32,72,0.781,0.326,0.745,129.998
32,33,72,0.531,0.103,0.752,89.917
33,34,65,0.762,0.851,0.748,110.009
34,35,57,0.696,0.772,0.875,127.39
35,36,67,0.567,0.751,0.707,171.917
36,37,61,0.639,0.596,0.862,117.011
37,38,68,0.652,0.394,0.605,126.091
38,39,2,0.855,0.803,0.668,125.846
39,40,69,0.824,0.716,0.836,122.014
40,41,65,0.529,0.286,0.67,141.893
41,42,64,0.482,0.739,0.829,147.99
42,43,18,0.689,0.783,0.615,134.036
43,44,74,0.563,0.812,0.75,173.906
44,45,52,0.458,0.553,0.905,176.667
45,46,34,0.599,0.539,0.624,90.034
46,47,63,0.451,0.295,0.948,176.985
47,48,65,0.549,0.787,0.932,82.439
48,49,63,0.648,0.73,0.942,129.007
49,50,0,0.845,0.329,0.601,74.008
50,51,0,0.622,0.773,0.942,130.003
51,52,61,0.597,0.412,0.517,92.035
52,53,68,0.729,0.74,0.675,125.036
53,54,57,0.76,0.361,0.595,131.497
54,55,70,0.733,0.557,0.664,148.005
55,56,78,0.855,0.668,0.954,114.635
56,57,64,0.606,0.362,0.497,130.739
57,58,62,0.682,0.827,0.889,138.021
58,59,66,0.388,0.381,0.633,173.947
59,60,55,0.625,0.738,0.613,96.033
60,61,62,0.61,0.657,0.836,126.056
61,62,68,0.692,0.217,0.736,73.987
62,63,57,0.625,0.717,0.699,75.974
63,64,67,0.702,0.836,0.795,83.961
64,65,69,0.531,0.272,0.574,115.68
65,66,0,0.515,0.52,0.837,126.026
66,67,60,0.473,0.271,0.604,123.848
67,68,31,0.605,0.263,0.795,139.896
68,69,67,0.623,0.36,0.793,98.998
69,70,56,0.438,0.457,0.672,185.934
70,71,50,0.491,0.344,0.703,157.988
71,72,0,0.63,0.743,0.91,116.98
72,73,50,0.544,0.277,0.781,150.1
73,74,57,0.656,0.534,0.931,91.881
74,75,71,0.484,0.142,0.368,92.923
75,76,72,0.581,0.316,0.717,107.884
76,77,65,0.846,0.512,0.438,85.013
77,78,54,0.724,0.81,0.87,93.01
78,79,46,0.443,0.447,0.683,81.986
79,80,65,0.637,0.103,0.69,140.329
80,81,51,0.589,0.94,0.893,92.011
81,82,60,0.752,0.519,0.836,120.003
82,83,62,0.681,0.731,0.593,115.058
83,84,59,0.395,0.567,0.876,124.638
84,85,57,0.325,0.433,0.848,100.093
85,86,0,0.687,0.261,0.865,117.015
86,87,53,0.693,0.532,0.891,91.1
87,88,69,0.816,0.436,0.813,127.979
88,89,60,0.676,0.81,0.762,119.003
89,90,60,0.59,0.352,0.698,95.975
90,91,0,0.55,0.841,0.753,139.048
91,92,54,0.736,0.658,0.929,125.03
92,93,68,0.624,0.757,0.723,84.789
93,94,57,0.514,0.138,0.83,100.631
94,95,62,0.615,0.45,0.913,129.944
95,96,54,0.504,0.596,0.814,149.967
96,97,68,0.376,0.463,0.841,76.052
97,98,41,0.817,0.599,0.939,128.0
98,99,57,0.708,0.494,0.771,128.013
99,100,68,0.47,0.557,0.904,155.788
100,1,2,0.73,0.507,0.77,104.948
101,2,76,0.722,0.624,0.761,128.044
102,3,72,0.751,0.352,0.736,130.014
103,4,72,0.638,0.648,0.832,124.071
104,5,77,0.704,0.245,0.558,110.444
105,6,81,0.646,0.796,0.795,89.99
106,7,79,0.73,0.575,0.777,130.0
107,8,79,0.858,0.922,0.678,117.009
108,9,74,0.649,0.765,0.815,126.03
109,10,77,0.722,0.452,0.851,126.885
110,11,1,0.72,0.669,0.861,126.991
111,12,81,0.671,0.53,0.939,129.024
112,13,75,0.735,0.6,0.766,127.985
113,14,74,0.578,0.877,0.926,149.976
114,15,71,0.675,0.933,0.602,127.938
115,16,75,0.621,0.452,0.82,144.905
116,17,75,0.682,0.744,0.927,101.019
117,18,70,0.668,0.748,0.857,131.959
118,19,72,0.767,0.833,0.682,127.975
119,20,73,0.636,0.668,0.831,175.015
120,21,69,0.608,0.402,0.614,127.884
121,22,75,0.659,0.262,0.628,94.05
122,23,75,0.7,0.624,0.709,122.019
123,24,70,0.668,0.345,0.718,91.993
124,25,66,0.692,0.583,0.786,100.025
125,26,72,0.666,0.552,0.876,129.884
126,27,68,0.545,0.297,0.649,99.099
127,28,0,0.726,0.797,0.931,126.976
128,29,72,0.587,0.494,0.828,123.907
129,30,71,0.736,0.653,0.817,119.95
130,31,2,0.603,0.445,0.67,107.995
131,32,82,0.449,0.212,0.585,139.631
132,33,65,0.62,0.76,0.869,151.684
133,34,49,0.652,0.651,0.749,94.103
134,35,61,0.664,0.357,0.845,96.005
135,36,73,0.686,0.814,0.783,99.978
136,37,68,0.705,0.7,0.882,130.0
137,38,60,0.563,0.45,0.671,91.964
138,39,66,0.583,0.357,0.768,127.952
139,40,75,0.794,0.955,0.711,174.915
140,41,62,0.66,0.674,0.797,110.955
141,42,66,0.551,0.794,0.893,125.083
142,43,69,0.753,0.812,0.729,120.013
143,44,72,0.634,0.645,0.69,94.988
144,45,4,0.554,0.288,0.321,135.047
145,46,68,0.676,0.144,0.695,90.268
146,47,71,0.592,0.565,0.637,159.701
147,48,66,0.696,0.787,0.546,130.002
148,49,70,0.421,0.161,0.407,139.028
149,50,75,0.531,0.221,0.803,142.113
150,51,61,0.672,0.746,0.907,128.027
151,52,67,0.666,0.9,0.87,160.014
152,53,65,0.693,0.45,0.705,131.951
153,54,64,0.606,0.362,0.497,130.739
154,55,62,0.648,0.321,0.89,125.953
155,56,71,0.595,0.762,0.912,128.024
156,57,79,0.56,0.371,0.936,112.96
157,58,62,0.671,0.637,0.808,121.956
158,59,60,0.843,0.876,0.881,110.621
159,60,77,0.684,0.498,0.607,81.001
160,61,74,0.642,0.407,0.289,84.996
161,62,57,0.663,0.375,0.843,140.036
162,63,67,0.707,0.795,0.861,130.021
163,64,75,0.76,0.361,0.595,131.497
164,65,71,0.349,0.0886,0.348,74.541
165,66,70,0.591,0.65,0.889,143.067
166,67,65,0.507,0.4,0.665,126.879
167,68,61,0.54,0.258,0.856,153.071
168,69,82,0.733,0.965,0.71,127.975
169,70,69,0.392,0.232,0.839,168.001
170,71,53,0.415,0.536,0.775,127.898
171,72,63,0.593,0.332,0.639,142.881
172,73,0,0.644,0.272,0.661,153.992
173,74,62,0.779,0.759,0.963,127.941
174,75,48,0.687,0.539,0.939,104.029
175,76,42,0.578,0.188,0.857,126.979
176,77,69,0.425,0.333,0.732,117.98
177,78,38,0.656,0.445,0.752,100.963
178,79,55,0.31,0.493,0.926,139.85
179,80,48,0.415,0.52,0.934,190.151
180,81,74,0.636,0.425,0.566,151.894
181,82,71,0.7,0.594,0.598,160.041
182,83,59,0.753,0.794,0.88,115.057
183,84,51,0.786,0.285,0.709,122.019
184,85,71,0.767,0.538,0.677,146.155
185,86,64,0.537,0.161,0.611,105.955
186,87,65,0.799,0.586,0.783,127.041
187,88,62,0.527,0.221,0.804,107.486
188,89,75,0.684,0.538,0.834,164.02
189,90,68,0.813,0.731,0.732,130.02
190,91,70,0.379,0.169,0.29,166.467
191,92,76,0.507,0.272,0.729,105.013
192,93,70,0.594,0.397,0.946,155.826
193,94,60,0.597,0.128,0.115,111.202
194,95,71,0.692,0.927,0.809,104.023
195,96,64,0.744,0.266,0.672,140.889
196,97,62,0.523,0.602,0.805,125.358
197,98,50,0.481,0.723,0.849,205.57
198,99,65,0.446,0.88,0.9,187.961
199,100,61,0.636,0.836,0.901,162.994
200,1,75,0.735,0.6,0.766,127.985
201,2,78,0.783,0.66,0.58,120.021
202,3,75,0.378,0.735,0.638,184.086
203,4,82,0.743,0.545,0.752,110.015
204,5,72,0.687,0.864,0.792,133.962
205,6,82,0.726,0.888,0.787,124.99
206,7,85,0.726,0.867,0.698,143.994
207,8,0,0.762,0.965,0.863,106.008
208,9,75,0.747,0.751,0.716,125.008
209,10,77,0.56,0.682,0.872,126.05
210,11,71,0.651,0.569,0.695,123.008
211,12,59,0.622,0.679,0.469,77.019
212,13,77,0.711,0.801,0.7,128.001
213,14,0,0.658,0.936,0.837,126.015
214,15,73,0.678,0.769,0.918,130.028
215,16,79,0.707,0.919,0.924,127.937
216,17,63,0.717,0.331,0.55,96.979
217,18,74,0.628,0.75,0.676,85.984
218,19,77,0.66,0.427,0.689,127.98
219,20,74,0.562,0.684,0.939,116.044
220,21,73,0.576,0.476,0.835,150.017
221,22,79,0.471,0.725,0.924,154.961
222,23,66,0.696,0.573,0.893,97.954
223,24,74,0.758,0.781,0.557,126.986
224,25,82,0.449,0.212,0.585,139.631
225,26,76,0.608,0.437,0.86,127.075
226,27,73,0.716,0.618,0.821,92.997
227,28,70,0.719,0.444,0.847,127.963
228,29,74,0.67,0.648,0.855,120.05
229,30,76,0.765,0.721,0.837,122.028
230,31,76,0.674,0.552,0.628,103.998
231,32,76,0.482,0.144,0.706,92.513
232,33,50,0.69,0.849,0.897,140.05
233,34,0,0.738,0.538,0.875,114.962
234,35,67,0.571,0.613,0.873,139.691
235,36,79,0.604,0.301,0.787,126.062
236,37,68,0.715,0.879,0.791,116.043
237,38,74,0.564,0.393,0.71,91.972
238,39,76,0.612,0.438,0.84,129.042
239,40,78,0.421,0.629,0.873,84.786
240,41,77,0.747,0.739,0.937,103.976
241,42,64,0.765,0.886,0.765,120.001
242,43,69,0.658,0.248,0.677,124.91
243,44,56,0.863,0.674,0.527,129.054
244,45,68,0.637,0.68,0.732,128.108
245,46,63,0.728,0.591,0.858,125.055
246,47,0,0.612,0.574,0.748,120.052
247,48,1,0.707,0.556,0.222,110.095
248,49,68,0.664,0.501,0.642,118.002
249,50,51,0.71,0.86,0.901,125.953
250,51,74,0.503,0.521,0.727,121.985
251,52,70,0.718,0.622,0.776,120.015
252,53,75,0.629,0.299,0.515,121.845
253,54,63,0.913,0.497,0.603,123.061
254,55,65,0.514,0.575,0.683,159.814
255,56,70,0.421,0.161,0.407,139.028
256,57,74,0.631,0.755,0.924,100.045
257,58,66,0.597,0.729,0.919,113.991
258,59,75,0.376,0.302,0.695,169.533
259,60,77,0.715,0.531,0.655,95.078
260,61,0,0.558,0.286,0.781,126.025
261,62,67,0.63,0.364,0.894,142.051
262,63,70,0.672,0.392,0.738,107.938
263,64,65,0.704,0.412,0.793,127.96
264,65,66,0.616,0.569,0.862,127.992
265,66,47,0.738,0.689,0.922,116.024
266,67,68,0.591,0.736,0.935,140.043
267,68,70,0.656,0.86,0.884,105.009
268,69,75,0.706,0.684,0.89,128.011
269,70,63,0.594,0.643,0.841,129.925
270,71,0,0.582,0.0694,0.894,125.946
271,72,61,0.716,0.646,0.838,130.034
272,73,0,0.61,0.508,0.863,83.993
273,74,0,0.797,0.716,0.867,127.974
274,75,74,0.682,0.421,0.471,79.907
275,76,77,0.584,0.464,0.889,126.04
276,77,67,0.578,0.588,0.946,126.092
277,78,74,0.346,0.0789,0.552,75.881
278,79,62,0.682,0.78,0.795,120.008
279,80,62,0.602,0.206,0.691,127.967
280,81,62,0.535,0.282,0.796,128.954
281,82,70,0.483,0.139,0.303,133.406
282,83,65,0.71,0.875,0.882,128.016
283,84,66,0.42,0.237,0.69,85.014
284,85,68,0.561,0.238,0.522,83.962
285,86,57,0.606,0.322,0.826,121.04
286,87,64,0.66,0.591,0.9,85.51
287,88,57,0.524,0.476,0.972,175.017
288,89,72,0.727,0.749,0.937,132.067
289,90,60,0.664,0.35,0.799,94.991
290,91,0,0.676,0.85,0.935,96.055
291,92,63,0.531,0.392,0.843,136.991
292,93,45,0.603,0.358,0.831,72.022
293,94,56,0.39,0.179,0.255,122.056
294,95,67,0.707,0.795,0.861,130.021
295,96,0,0.37,0.323,0.823,128.008
296,97,66,0.492,0.393,0.857,129.973
297,98,65,0.63,0.343,0.44,98.082
298,99,63,0.472,0.34,0.844,140.034
299,100,55,0.608,0.476,0.863,150.029
300,1,77,0.674,0.337,0.428,84.878
301,2,55,0.861,0.881,0.504,120.0
302,3,76,0.448,0.236,0.784,136.245
303,4,6,0.532,0.643,0.783,124.08
304,5,85,0.726,0.867,0.698,143.994
305,6,1,0.781,0.662,0.526,94.992
306,7,83,0.794,0.862,0.811,116.047
307,8,72,0.602,0.526,0.843,128.003
308,9,79,0.504,0.502,0.785,173.968
309,10,76,0.652,0.486,0.877,118.491
310,11,79,0.602,0.765,0.923,136.01
311,12,77,0.673,0.542,0.758,135.956
312,13,76,0.622,0.679,0.469,77.019
313,14,89,0.612,0.398,0.807,124.053
314,15,71,0.457,0.578,0.823,192.205
315,16,77,0.574,0.512,0.512,76.899
316,17,0,0.555,0.369,0.729,129.003
317,18,0,0.523,0.193,0.78,128.006
318,19,68,0.661,0.668,0.729,103.987
319,20,72,0.715,0.748,0.872,93.043
320,21,74,0.679,0.571,0.715,127.435
321,22,0,0.652,0.836,0.783,117.952
322,23,0,0.691,0.427,0.582,100.05
323,24,84,0.691,0.8,0.631,92.004
324,25,77,0.613,0.484,0.622,80.003
325,26,81,0.641,0.847,0.922,146.078
326,27,50,0.561,0.517,0.836,127.923
327,28,65,0.645,0.862,0.878,82.324
328,29,78,0.874,0.937,0.692,116.017
329,30,75,0.781,0.624,0.853,110.049
330,31,0,0.483,0.716,0.871,164.986
331,32,78,0.772,0.501,0.685,130.033
332,33,58,0.754,0.254,0.677,124.988
333,34,72,0.554,0.455,0.772,179.984
334,35,68,0.711,0.824,0.906,125.916
335,36,66,0.624,0.436,0.458,80.016
336,37,83,0.612,0.387,0.28,72.795
337,38,88,0.445,0.131,0.537,122.769
338,39,70,0.559,0.329,0.777,87.016
339,40,68,0.797,0.402,0.608,127.999
340,41,72,0.61,0.673,0.893,104.031
341,42,66,0.656,0.369,0.674,120.001
342,43,80,0.505,0.428,0.71,89.938
343,44,79,0.457,0.417,0.757,102.961
344,45,69,0.546,0.573,0.787,79.979
345,46,72,0.572,0.11,0.81,126.052
346,47,76,0.674,0.552,0.628,103.998
347,48,77,0.53,0.349,0.422,119.964
348,49,60,0.69,0.8,0.636,96.0
349,50,75,0.621,0.125,0.31,111.893
350,51,65,0.489,0.409,0.867,162.131
351,52,68,0.691,0.8,0.921,130.072
352,53,61,0.704,0.689,0.68,123.973
353,54,70,0.695,0.58,0.869,124.989
354,55,56,0.76,0.759,0.652,100.315
355,56,73,0.495,0.213,0.894,126.03
356,57,67,0.509,0.638,0.79,127.946
357,58,60,0.693,0.763,0.822,126.035
358,59,79,0.778,0.441,0.547,95.002
359,60,72,0.773,0.289,0.414,99.993
360,61,73,0.509,0.244,0.538,75.089
361,62,62,0.676,0.156,0.534,145.082
362,63,64,0.614,0.607,0.938,100.058
363,64,51,0.423,0.161,0.407,139.048
364,65,67,0.669,0.496,0.634,124.906
365,66,70,0.573,0.582,0.929,127.934
366,67,0,0.681,0.661,0.463,82.92
367,68,74,0.682,0.421,0.471,79.907
368,69,83,0.548,0.405,0.532,85.03
369,70,0,0.209,0.162,0.412,86.26
370,71,0,0.63,0.85,0.816,128.012
371,72,65,0.532,0.78,0.795,143.837
372,73,59,0.439,0.253,0.489,143.808
373,74,71,0.558,0.567,0.924,151.99
374,75,48,0.474,0.224,0.707,83.235
375,76,64,0.722,0.952,0.958,127.008
376,77,54,0.665,0.902,0.844,119.978
377,78,56,0.726,0.952,0.795,115.995
378,79,65,0.725,0.748,0.874,127.985
379,80,59,0.512,0.34,0.828,124.021
380,81,57,0.457,0.878,0.948,148.0
381,82,0,0.733,0.253,0.818,116.019
382,83,0,0.659,0.609,0.735,104.038
383,84,66,0.551,0.145,0.833,129.885
384,85,67,0.485,0.433,0.724,128.045
385,86,67,0.795,0.357,0.596,101.985
386,87,0,0.667,0.465,0.61,99.991
387,88,57,0.606,0.322,0.826,121.04
388,89,61,0.665,0.53,0.886,128.062
389,90,65,0.544,0.281,0.728,174.983
390,91,27,0.681,0.469,0.835,124.047
391,92,53,0.486,0.393,0.769,131.286
392,93,0,0.575,0.449,0.821,118.021
393,94,0,0.801,0.722,0.985,127.99
394,95,61,0.67,0.349,0.829,125.01
395,96,0,0.593,0.0381,0.914,128.015
396,97,63,0.703,0.546,0.867,128.008
397,98,63,0.577,0.12,0.576,133.973
398,99,60,0.313,0.287,0.286,80.925
399,100,0,0.832,0.519,0.815,119.995
400,1,79,0.647,0.962,0.822,160.019
401,2,73,0.647,0.353,0.585,131.934
402,3,0,0.737,0.893,0.723,120.003
403,4,69,0.912,0.377,0.716,94.981
404,5,61,0.588,0.487,0.791,94.933
405,6,80,0.418,0.184,0.42,84.094
406,7,79,0.773,0.925,0.758,144.033
407,8,77,0.399,0.572,0.787,117.089
408,9,84,0.422,0.331,0.264,119.93
409,10,78,0.536,0.545,0.768,77.217
410,11,72,0.807,0.961,0.887,134.052
411,12,81,0.72,0.756,0.791,102.071
412,13,77,0.699,0.121,0.529,119.987
413,14,73,0.494,0.441,0.951,160.025
414,15,54,0.646,0.287,0.794,170.216
415,16,61,0.663,0.477,0.705,122.014
416,17,21,0.603,0.72,0.861,127.962
417,18,79,0.279,0.328,0.742,189.868
418,19,74,0.733,0.348,0.65,110.003
419,20,83,0.672,0.37,0.52,120.001
420,21,76,0.729,0.779,0.675,119.968
421,22,77,0.545,0.551,0.783,174.084
422,23,80,0.566,0.304,0.885,90.99
423,24,74,0.472,0.24,0.714,98.992
424,25,80,0.581,0.788,0.963,129.992
425,26,79,0.647,0.942,0.8,160.078
426,27,0,0.69,0.638,0.845,114.948
427,28,76,0.69,0.416,0.578,99.961
428,29,80,0.6,0.286,0.663,121.07
429,30,72,0.799,0.549,0.586,120.97
430,31,64,0.65,0.446,0.786,124.96
431,32,80,0.484,0.51,0.731,101.654
432,33,0,0.687,0.284,0.702,129.956
433,34,80,0.545,0.162,0.675,124.97
434,35,0,0.744,0.885,0.783,120.042
435,36,77,0.706,0.751,0.786,150.028
436,37,78,0.673,0.538,0.902,100.012
437,38,72,0.806,0.849,0.608,95.049
438,39,62,0.596,0.461,0.738,127.961
439,40,52,0.521,0.352,0.754,125.876
440,41,73,0.66,0.625,0.805,103.008
441,42,48,0.659,0.576,0.911,91.999
442,43,70,0.559,0.329,0.777,87.016
443,44,0,0.685,0.504,0.709,93.047
444,45,66,0.736,0.114,0.761,119.999
445,46,52,0.627,0.64,0.703,81.897
446,47,74,0.503,0.521,0.727,121.985
447,48,75,0.414,0.348,0.857,128.024
448,49,58,0.616,0.621,0.789,83.066
449,50,66,0.594,0.101,0.497,101.668
450,51,83,0.614,0.201,0.379,107.989
451,52,67,0.743,0.519,0.72,163.99
452,53,73,0.49,0.64,0.885,166.996
453,54,71,0.719,0.786,0.671,130.027
454,55,74,0.856,0.386,0.527,98.052
455,56,65,0.753,0.794,0.801,128.011
456,57,56,0.76,0.759,0.652,100.315
457,58,75,0.5,0.37,0.292,145.879
458,59,72,0.61,0.673,0.893,104.031
459,60,65,0.964,0.646,0.605,129.994
460,61,0,0.707,0.437,0.771,142.016
461,62,0,0.645,0.375,0.832,112.028
462,63,62,0.441,0.182,0.921,175.001
463,64,0,0.787,0.947,0.848,121.989
464,65,55,0.308,0.109,0.563,85.901
465,66,62,0.68,0.468,0.84,104.975
466,67,54,0.733,0.701,0.676,97.448
467,68,2,0.545,0.458,0.78,125.014
468,69,66,0.83,0.735,0.52,104.99
469,70,71,0.742,0.431,0.595,101.013
470,71,73,0.885,0.728,0.581,114.016
471,72,0,0.653,0.545,0.829,124.989
472,73,80,0.677,0.493,0.485,82.001
473,74,81,0.781,0.591,0.445,78.998
474,75,72,0.841,0.616,0.522,99.059
475,76,2,0.829,0.45,0.51,119.993
476,77,72,0.814,0.726,0.622,119.976
477,78,66,0.718,0.96,0.792,90.949
478,79,71,0.544,0.51,0.915,126.094
479,80,2,0.439,0.104,0.153,116.76
480,81,62,0.67,0.235,0.476,96.975
481,82,73,0.543,0.371,0.485,136.961
482,83,69,0.421,0.499,0.791,130.075
483,84,69,0.407,0.247,0.725,196.093
484,85,69,0.818,0.939,0.67,119.988
485,86,53,0.716,0.124,0.67,86.01
486,87,68,0.711,0.663,0.508,98.098
487,88,67,0.609,0.76,0.885,124.959
488,89,0,0.826,0.666,0.571,153.972
489,90,69,0.589,0.401,0.621,140.03
490,91,44,0.614,0.411,0.972,127.966
491,92,67,0.702,0.446,0.629,141.967
492,93,69,0.407,0.0765,0.147,141.284
493,94,3,0.714,0.406,0.451,127.787
494,95,65,0.697,0.721,0.621,81.946
495,96,48,0.525,0.383,0.803,100.094
496,97,0,0.789,0.66,0.915,127.955
497,98,59,0.719,0.738,0.935,120.022
498,99,67,0.636,0.463,0.761,120.837
499,100,50,0.686,0.0951,0.524,124.938
500,1,81,0.856,0.928,0.609,114.988
501,2,81,0.781,0.591,0.445,78.998
502,3,80,0.689,0.283,0.481,80.025
503,4,77,0.845,0.793,0.567,125.02
504,5,73,0.723,0.274,0.809,98.007
505,6,75,0.659,0.426,0.381,119.844
506,7,78,0.262,0.275,0.606,189.857
507,8,78,0.553,0.467,0.664,140.06
508,9,79,0.656,0.481,0.627,99.933
509,10,78,0.628,0.104,0.593,125.026
510,11,82,0.76,0.57,0.703,95.997
511,12,76,0.647,0.396,0.823,99.933
512,13,76,0.509,0.55,0.671,118.413
513,14,78,0.746,0.746,0.754,149.882
514,15,1,0.777,0.843,0.896,111.987
515,16,80,0.721,0.724,0.802,124.022
516,17,0,0.586,0.319,0.613,114.101
517,18,79,0.73,0.595,0.703,138.113
518,19,70,0.654,0.221,0.655,170.16
519,20,84,0.527,0.654,0.835,125.983
520,21,0,0.658,0.789,0.741,98.024
521,22,0,0.627,0.608,0.749,91.522
522,23,78,0.646,0.418,0.823,128.035
523,24,77,0.588,0.487,0.791,94.933
524,25,72,0.655,0.832,0.782,79.427
525,26,73,0.583,0.276,0.732,145.992
526,27,0,0.609,0.515,0.378,100.418
527,28,74,0.472,0.24,0.714,98.992
528,29,79,0.579,0.613,0.736,127.999
529,30,81,0.578,0.619,0.866,128.038
530,31,0,0.616,0.343,0.765,122.916
531,32,0,0.373,0.605,0.858,120.063
532,33,45,0.622,0.599,0.808,122.121
533,34,72,0.712,0.411,0.564,95.95
534,35,69,0.672,0.438,0.593,98.02
535,36,80,0.654,0.41,0.76,99.945
536,37,83,0.585,0.137,0.564,113.003
537,38,1,0.688,0.565,0.532,164.068
538,39,66,0.736,0.114,0.761,119.999
539,40,77,0.63,0.417,0.53,108.038
540,41,75,0.596,0.525,0.73,85.979
541,42,0,0.458,0.417,0.623,147.635
542,43,76,0.564,0.33,0.714,175.924
543,44,85,0.588,0.337,0.521,85.012
544,45,73,0.884,0.594,0.765,99.987
545,46,2,0.377,0.264,0.595,144.464
546,47,70,0.775,0.95,0.825,139.091
547,48,70,0.513,0.235,0.768,84.264
548,49,76,0.738,0.336,0.868,122.003
549,50,64,0.616,0.621,0.789,83.066
550,51,64,0.594,0.344,0.749,130.064
551,52,77,0.782,0.603,0.685,118.016
552,53,1,0.59,0.537,0.833,94.963
553,54,71,0.681,0.181,0.521,94.997
554,55,0,0.561,0.375,0.877,130.003
555,56,77,0.582,0.354,0.272,205.846
556,57,0,0.754,0.582,0.799,122.037
557,58,78,0.705,0.583,0.769,107.949
558,59,74,0.618,0.603,0.717,190.05
559,60,73,0.432,0.197,0.781,139.432
560,61,64,0.757,0.398,0.884,120.012
561,62,68,0.795,0.815,0.616,110.015
562,63,81,0.566,0.437,0.664,128.945
563,64,77,0.891,0.552,0.628,134.966
564,65,74,0.506,0.383,0.805,126.008
565,66,76,0.688,0.74,0.702,94.006
566,67,71,0.733,0.701,0.676,97.448
567,68,74,0.775,0.656,0.68,114.025
568,69,67,0.811,0.466,0.499,111.016
569,70,77,0.418,0.604,0.724,78.521
570,71,0,0.699,0.742,0.688,154.943
571,72,0,0.559,0.466,0.848,119.977
572,73,65,0.699,0.499,0.883,127.961
573,74,0,0.379,0.359,0.799,120.892
574,75,83,0.734,0.648,0.637,169.977
575,76,66,0.83,0.735,0.52,104.99
576,77,68,0.87,0.457,0.464,112.974
577,78,67,0.746,0.817,0.873,148.075
578,79,0,0.6,0.217,0.676,88.928
579,80,70,0.823,0.682,0.563,98.031
580,81,69,0.705,0.457,0.78,142.028
581,82,60,0.405,0.602,0.846,82.232
582,83,67,0.854,0.784,0.766,118.004
583,84,49,0.427,0.153,0.304,116.977
584,85,67,0.644,0.527,0.57,113.945
585,86,44,0.733,0.291,0.408,94.947
586,87,79,0.393,0.56,0.858,176.042
587,88,69,0.747,0.56,0.705,136.024
588,89,68,0.383,0.174,0.43,107.005
589,90,0,0.48,0.506,0.682,167.939
590,91,2,0.47,0.289,0.431,157.98
591,92,49,0.746,0.751,0.877,107.985
592,93,66,0.68,0.647,0.942,123.976
593,94,73,0.781,0.395,0.728,102.99
594,95,32,0.776,0.412,0.574,121.03
595,96,62,0.67,0.235,0.476,96.975
596,97,78,0.765,0.189,0.356,96.991
597,98,76,0.636,0.636,0.815,123.063
598,99,0,0.819,0.964,0.768,139.982
599,100,68,0.589,0.251,0.658,77.521
600,1,0,0.681,0.535,0.594,186.054
601,2,84,0.792,0.37,0.625,103.967
602,3,0,0.609,0.515,0.378,100.418
603,4,83,0.748,0.661,0.524,95.01
604,5,1,0.471,0.289,0.431,157.98
605,6,70,0.576,0.236,0.766,144.833
606,7,0,0.672,0.379,0.589,120.036
607,8,67,0.592,0.728,0.8,89.972
608,9,3,0.623,0.37,0.734,107.853
609,10,75,0.725,0.558,0.534,91.974
610,11,86,0.764,0.672,0.705,101.003
611,12,80,0.654,0.41,0.76,99.945
612,13,76,0.666,0.702,0.83,113.03
613,14,59,0.588,0.429,0.702,124.909
614,15,73,0.687,0.743,0.761,113.939
615,16,45,0.583,0.276,0.732,145.992
616,17,79,0.728,0.352,0.563,100.017
617,18,70,0.552,0.349,0.689,99.961
618,19,1,0.773,0.8,0.747,126.014
619,20,79,0.671,0.296,0.314,110.898
620,21,82,0.444,0.747,0.819,82.695
621,22,71,0.681,0.181,0.521,94.997
622,23,0,0.608,0.501,0.798,92.943
623,24,1,0.657,0.543,0.739,181.994
624,25,79,0.631,0.465,0.927,123.962
625,26,73,0.713,0.343,0.802,100.001
626,27,0,0.695,0.532,0.615,99.817
627,28,76,0.501,0.168,0.519,133.99
628,29,82,0.491,0.412,0.693,90.027
629,30,0,0.648,0.603,0.738,159.145
630,31,74,0.696,0.479,0.543,107.969
631,32,72,0.655,0.802,0.699,86.704
632,33,70,0.617,0.505,0.567,90.246
633,34,0,0.664,0.621,0.576,76.026
634,35,58,0.679,0.195,0.407,111.814
635,36,2,0.377,0.264,0.595,144.464
636,37,69,0.672,0.438,0.593,98.02
637,38,65,0.73,0.877,0.758,120.041
638,39,68,0.654,0.401,0.623,123.996
639,40,0,0.677,0.297,0.604,134.052
640,41,0,0.903,0.539,0.62,134.96
641,42,81,0.649,0.163,0.716,99.988
642,43,1,0.885,0.466,0.801,95.011
643,44,77,0.664,0.71,0.714,101.969
644,45,78,0.765,0.189,0.356,96.991
645,46,75,0.803,0.593,0.585,105.017
646,47,1,0.688,0.565,0.532,164.068
647,48,77,0.756,0.389,0.674,111.995
648,49,73,0.794,0.397,0.653,117.996
649,50,73,0.546,0.247,0.529,107.331
650,51,65,0.376,0.327,0.822,120.493
651,52,61,0.696,0.23,0.517,112.291
652,53,59,0.605,0.298,0.77,130.037
653,54,0,0.687,0.619,0.645,84.925
654,55,67,0.775,0.356,0.598,129.988
655,56,64,0.532,0.529,0.868,110.127
656,57,77,0.492,0.18,0.275,92.6
657,58,0,0.611,0.213,0.7,104.981
658,59,63,0.647,0.374,0.932,114.991
659,60,67,0.811,0.466,0.499,111.016
660,61,76,0.688,0.74,0.702,94.006
661,62,0,0.51,0.209,0.692,102.42
662,63,67,0.671,0.803,0.916,126.01
663,64,78,0.532,0.422,0.869,159.803
664,65,0,0.742,0.709,0.819,117.986
665,66,70,0.618,0.459,0.793,101.015
666,67,79,0.774,0.896,0.753,119.002
667,68,80,0.645,0.566,0.713,74.989
668,69,0,0.68,0.339,0.446,125.863
669,70,49,0.828,0.872,0.56,122.054
670,71,76,0.525,0.276,0.433,160.108
671,72,0,0.443,0.248,0.558,116.838
672,73,79,0.544,0.554,0.552,159.738
673,74,69,0.557,0.657,0.803,92.134
674,75,61,0.689,0.755,0.791,95.04
675,76,72,0.59,0.349,0.468,92.287
676,77,70,0.667,0.47,0.613,91.024
677,78,72,0.71,0.348,0.0565,123.994
678,79,57,0.756,0.811,0.589,146.928
679,80,67,0.367,0.365,0.915,110.169
680,81,74,0.818,0.536,0.913,119.986
681,82,60,0.767,0.541,0.631,100.968
682,83,50,0.369,0.467,0.618,191.863
683,84,53,0.581,0.273,0.531,75.255
684,85,60,0.648,0.566,0.936,120.708
685,86,0,0.688,0.247,0.541,95.109
686,87,63,0.797,0.843,0.567,108.024
687,88,54,0.416,0.716,0.773,122.65
688,89,0,0.674,0.234,0.71,101.983
689,90,68,0.632,0.523,0.702,162.958
690,91,62,0.886,0.708,0.525,145.99
691,92,76,0.638,0.53,0.924,111.995
692,93,78,0.765,0.34,0.473,119.992
693,94,75,0.502,0.739,0.786,169.021
694,95,46,0.683,0.674,0.91,124.977
695,96,73,0.722,0.102,0.331,143.961
696,97,65,0.695,0.245,0.672,104.988
697,98,55,0.6,0.408,0.412,113.049
698,99,0,0.526,0.537,0.675,78.0
699,100,1,0.459,0.581,0.587,113.901
700,1,84,0.825,0.931,0.652,95.977
701,2,0,0.718,0.497,0.609,122.95
702,3,0,0.66,0.846,0.786,177.833
703,4,78,0.681,0.476,0.372,91.873
704,5,75,0.72,0.742,0.763,101.965
705,6,2,0.768,0.418,0.517,104.992
706,7,1,0.6,0.298,0.81,167.88
707,8,68,0.783,0.418,0.61,100.047
708,9,82,0.617,0.446,0.635,103.019
709,10,84,0.599,0.168,0.448,95.05
710,11,0,0.857,0.966,0.8,121.996
711,12,73,0.538,0.507,0.804,144.992
712,13,75,0.319,0.449,0.739,194.169
713,14,77,0.259,0.0951,0.437,180.042
714,15,83,0.742,0.463,0.882,102.04
715,16,76,0.664,0.742,0.708,103.07
716,17,0,0.697,0.506,0.716,99.905
717,18,0,0.774,0.777,0.626,100.041
718,19,73,0.653,0.219,0.658,99.99
719,20,60,0.703,0.733,0.868,121.03
720,21,83,0.358,0.494,0.557,85.043
721,22,82,0.853,0.86,0.56,134.066
722,23,0,0.561,0.383,0.674,148.127
723,24,60,0.763,0.592,0.72,116.01
724,25,75,0.69,0.544,0.622,102.04
725,26,67,0.741,0.595,0.667,112.956
726,27,51,0.739,0.547,0.792,104.016
727,28,72,0.756,0.417,0.572,102.986
728,29,77,0.584,0.195,0.54,137.972
729,30,0,0.735,0.0862,0.451,117.973
730,31,77,0.624,0.781,0.876,99.943
731,32,0,0.704,0.863,0.633,144.021
732,33,67,0.548,0.557,0.65,144.937
733,34,61,0.588,0.397,0.749,130.093
734,35,80,0.618,0.167,0.443,119.949
735,36,79,0.799,0.394,0.539,136.948
736,37,79,0.522,0.236,0.385,89.792
737,38,75,0.64,0.515,0.533,99.968
738,39,71,0.614,0.374,0.615,95.941
739,40,0,0.635,0.541,0.73,101.859
740,41,83,0.614,0.112,0.318,119.959
741,42,0,0.744,0.36,0.836,114.965
742,43,77,0.461,0.471,0.834,135.007
743,44,76,0.766,0.506,0.709,128.07
744,45,77,0.662,0.295,0.858,133.993
745,46,0,0.678,0.254,0.696,137.822
746,47,67,0.576,0.355,0.782,141.153
747,48,1,0.869,0.527,0.485,106.028
748,49,0,0.645,0.534,0.741,123.07
749,50,0,0.744,0.649,0.739,104.99
750,51,72,0.613,0.417,0.764,160.015
751,52,0,0.589,0.191,0.731,87.908
752,53,0,0.795,0.393,0.615,110.009
753,54,63,0.708,0.72,0.868,124.994
754,55,78,0.818,0.632,0.803,106.97
755,56,74,0.735,0.848,0.425,85.896
756,57,0,0.314,0.159,0.555,179.666
757,58,74,0.573,0.343,0.781,139.934
758,59,64,0.855,0.962,0.624,117.959
759,60,71,0.609,0.811,0.668,80.924
760,61,0,0.706,0.42,0.427,113.804
761,62,73,0.731,0.356,0.794,139.994
762,63,78,0.893,0.872,0.745,101.018
763,64,81,0.726,0.733,0.769,97.985
764,65,57,0.698,0.445,0.882,106.083
765,66,53,0.655,0.272,0.666,102.977
766,67,62,0.572,0.54,0.778,168.073
767,68,48,0.67,0.716,0.838,105.0
768,69,0,0.673,0.678,0.637,123.98
769,70,69,0.708,0.265,0.618,123.013
770,71,57,0.486,0.297,0.713,121.028
771,72,73,0.491,0.193,0.588,113.608
772,73,74,0.696,0.782,0.817,98.064
773,74,64,0.401,0.472,0.872,104.592
774,75,73,0.594,0.253,0.721,128.942
775,76,0,0.623,0.651,0.909,93.984
776,77,0,0.627,0.361,0.572,100.041
777,78,62,0.657,0.338,0.703,122.381
778,79,82,0.516,0.222,0.595,119.972
779,80,69,0.649,0.857,0.798,177.899
780,81,78,0.736,0.326,0.449,80.126
781,82,81,0.63,0.492,0.804,123.146
782,83,67,0.677,0.419,0.497,99.137
783,84,1,0.779,0.708,0.787,124.982
784,85,4,0.745,0.17,0.593,111.002
785,86,0,0.565,0.325,0.381,73.483
786,87,71,0.746,0.672,0.653,75.016
787,88,64,0.633,0.679,0.592,90.066
788,89,77,0.773,0.585,0.819,92.987
789,90,69,0.562,0.471,0.8,95.029
790,91,66,0.67,0.447,0.585,110.03
791,92,79,0.672,0.556,0.655,134.945
792,93,0,0.509,0.378,0.637,172.006
793,94,78,0.556,0.291,0.538,143.95
794,95,62,0.628,0.321,0.797,106.93
795,96,72,0.736,0.511,0.795,104.066
796,97,70,0.666,0.51,0.728,122.996
797,98,72,0.671,0.632,0.672,97.979
798,99,7,0.781,0.175,0.548,106.996
799,100,52,0.548,0.309,0.701,104.237
800,1,81,0.754,0.357,0.449,77.169
801,2,83,0.585,0.129,0.52,159.801
802,3,81,0.752,0.419,0.505,91.97
803,4,80,0.697,0.603,0.683,96.133
804,5,69,0.596,0.152,0.854,120.274
805,6,83,0.511,0.218,0.566,83.903
806,7,79,0.753,0.437,0.657,107.01
807,8,78,0.626,0.534,0.88,95.079
808,9,78,0.816,0.65,0.726,136.048
809,10,71,0.684,0.284,0.619,125.046
810,11,77,0.699,0.354,0.713,121.993
811,12,80,0.698,0.552,0.633,96.924
812,13,80,0.791,0.592,0.862,123.994
813,14,76,0.664,0.742,0.708,103.07
814,15,86,0.351,0.12,0.296,115.284
815,16,68,0.6,0.494,0.683,102.036
816,17,79,0.52,0.286,0.761,141.971
817,18,78,0.602,0.268,0.658,145.031
818,19,78,0.836,0.51,0.544,97.028
819,20,75,0.589,0.191,0.731,87.908
820,21,79,0.68,0.341,0.578,145.038
821,22,75,0.56,0.319,0.68,89.391
822,23,69,0.755,0.755,0.599,133.123
823,24,74,0.637,0.243,0.713,129.923
824,25,72,0.575,0.449,0.571,105.049
825,26,81,0.687,0.671,0.792,100.015
826,27,73,0.704,0.926,0.859,105.115
827,28,78,0.724,0.306,0.804,124.987
828,29,73,0.708,0.338,0.648,143.955
829,30,82,0.566,0.237,0.366,129.959
830,31,80,0.461,0.175,0.593,134.17
831,32,66,0.552,0.639,0.76,135.702
832,33,79,0.662,0.464,0.714,147.997
833,34,72,0.747,0.687,0.834,128.005
834,35,70,0.693,0.369,0.624,105.002
835,36,70,0.618,0.526,0.837,121.227
836,37,70,0.687,0.655,0.785,106.046
837,38,75,0.71,0.717,0.789,142.929
838,39,74,0.643,0.579,0.783,154.084
839,40,72,0.675,0.612,0.751,118.384
840,41,82,0.74,0.473,0.613,75.023
841,42,78,0.553,0.443,0.586,126.684
842,43,80,0.8,0.779,0.585,126.058
843,44,67,0.862,0.852,0.583,103.019
844,45,71,0.653,0.216,0.718,82.034
845,46,53,0.813,0.758,0.701,110.009
846,47,72,0.477,0.358,0.61,79.882
847,48,72,0.845,0.811,0.561,109.974
848,49,75,0.75,0.0499,0.404,95.045
849,50,71,0.904,0.188,0.518,137.996
850,51,81,0.921,0.711,0.537,128.009
851,52,73,0.653,0.55,0.809,92.213
852,53,64,0.755,0.642,0.769,114.966
853,54,69,0.735,0.188,0.677,100.584
854,55,75,0.842,0.617,0.801,95.881
855,56,71,0.737,0.374,0.408,127.921
856,57,75,0.835,0.35,0.626,91.03
857,58,78,0.669,0.52,0.308,64.934
858,59,80,0.88,0.333,0.428,100.007
859,60,73,0.851,0.448,0.541,124.959
860,61,70,0.489,0.494,0.581,86.016
861,62,74,0.622,0.487,0.712,140.025
862,63,77,0.75,0.459,0.56,140.06
863,64,67,0.856,0.697,0.632,112.009
864,65,72,0.926,0.485,0.703,125.022
865,66,71,0.6,0.269,0.535,71.912
866,67,81,0.834,0.446,0.73,155.008
867,68,68,0.663,0.454,0.577,89.996
868,69,61,0.655,0.452,0.603,126.088
869,70,71,0.737,0.565,0.636,105.005
870,71,0,0.752,0.582,0.764,121.958
871,72,77,0.585,0.758,0.909,93.372
872,73,55,0.647,0.618,0.853,103.846
873,74,73,0.884,0.342,0.559,97.994
874,75,62,0.623,0.4,0.851,100.063
875,76,70,0.637,0.706,0.864,99.995
876,77,72,0.748,0.659,0.749,90.09
877,78,64,0.845,0.62,0.709,98.062
878,79,61,0.541,0.2,0.787,113.0
879,80,74,0.907,0.395,0.633,145.914
880,81,64,0.703,0.667,0.832,122.029
881,82,71,0.546,0.615,0.822,150.06
882,83,67,0.82,0.535,0.568,152.279
883,84,76,0.673,0.754,0.735,115.744
884,85,79,0.963,0.562,0.346,119.957
885,86,56,0.671,0.454,0.834,113.021
886,87,41,0.931,0.376,0.387,125.978
887,88,72,0.817,0.508,0.816,181.982
888,89,69,0.667,0.422,0.741,149.908
889,90,77,0.912,0.423,0.412,154.983
890,91,76,0.729,0.261,0.625,146.034
891,92,67,0.561,0.235,0.779,81.965
892,93,59,0.725,0.859,0.834,120.026
893,94,56,0.747,0.453,0.641,100.028
894,95,60,0.791,0.603,0.473,95.948
895,96,72,0.417,0.4,0.824,157.92
896,97,70,0.362,0.864,0.882,199.811
897,98,59,0.758,0.127,0.718,115.04
898,99,71,0.645,0.376,0.705,137.133
899,100,79,0.704,0.22,0.611,100.0
900,1,78,0.878,0.639,0.619,136.041
901,2,83,0.701,0.562,0.425,135.128
902,3,78,0.759,0.749,0.548,116.967
903,4,83,0.778,0.327,0.317,140.048
904,5,79,0.755,0.925,0.522,89.96
905,6,77,0.654,0.43,0.63,89.991
906,7,77,0.752,0.533,0.488,136.041
907,8,79,0.794,0.677,0.793,123.941
908,9,82,0.572,0.323,0.385,95.799
909,10,77,0.4,0.702,0.795,190.097
910,11,84,0.501,0.446,0.405,109.891
911,12,78,0.552,0.564,0.702,169.994
912,13,24,0.505,0.0916,0.34,101.993
913,14,73,0.692,0.864,0.809,123.911
914,15,79,0.842,0.952,0.734,137.958
915,16,72,0.77,0.385,0.882,99.991
916,17,2,0.599,0.534,0.733,102.211
917,18,81,0.359,0.453,0.543,68.534
918,19,83,0.658,0.166,0.671,100.966
919,20,80,0.717,0.412,0.653,106.966
920,21,72,0.64,0.546,0.647,92.979
921,22,1,0.505,0.618,0.428,175.813
922,23,34,0.645,0.798,0.862,119.991
923,24,82,0.652,0.483,0.557,150.073
924,25,70,0.442,0.116,0.585,97.565
925,26,73,0.798,0.843,0.676,101.956
926,27,73,0.747,0.65,0.57,133.992
927,28,73,0.477,0.345,0.682,110.567
928,29,76,0.726,0.335,0.554,169.999
929,30,86,0.351,0.12,0.296,115.284
930,31,69,0.59,0.651,0.642,107.356
931,32,84,0.695,0.553,0.762,120.042
932,33,7,0.719,0.628,0.704,133.002
933,34,70,0.599,0.881,0.887,170.918
934,35,77,0.674,0.234,0.881,98.994
935,36,78,0.601,0.244,0.794,114.066
936,37,75,0.771,0.714,0.671,85.026
937,38,75,0.741,0.347,0.52,102.998
938,39,74,0.61,0.291,0.725,146.163
939,40,80,0.579,0.681,0.904,82.014
940,41,65,0.74,0.652,0.498,98.016
941,42,4,0.682,0.607,0.656,130.089
942,43,71,0.9,0.346,0.4,135.984
943,44,1,0.738,0.58,0.861,131.98
944,45,75,0.688,0.162,0.53,106.958
945,46,78,0.745,0.226,0.642,179.974
946,47,78,0.812,0.55,0.496,109.979
947,48,78,0.815,0.877,0.518,151.891
948,49,0,0.631,0.62,0.803,198.065
949,50,72,0.791,0.181,0.565,99.961
950,51,1,0.58,0.175,0.653,150.231
951,52,66,0.722,0.488,0.565,104.483
952,53,71,0.703,0.475,0.594,153.848
953,54,71,0.802,0.376,0.645,100.001
954,55,64,0.46,0.553,0.8,102.46
955,56,70,0.842,0.617,0.801,95.881
956,57,79,0.68,0.341,0.578,145.038
957,58,72,0.682,0.535,0.919,95.982
958,59,57,0.786,0.458,0.658,170.037
959,60,72,0.95,0.219,0.59,130.003
960,61,63,0.716,0.91,0.823,151.957
961,62,78,0.736,0.361,0.308,111.202
962,63,51,0.749,0.715,0.814,119.964
963,64,52,0.685,0.578,0.692,159.966
964,65,67,0.567,0.544,0.696,92.061
965,66,78,0.829,0.388,0.539,99.96
966,67,69,0.53,0.288,0.538,148.051
967,68,68,0.872,0.57,0.814,98.985
968,69,75,0.693,0.404,0.678,103.952
969,70,80,0.367,0.198,0.111,82.642
970,71,66,0.652,0.432,0.453,88.039
971,72,69,0.677,0.355,0.714,94.956
972,73,63,0.715,0.412,0.624,158.087
973,74,70,0.795,0.874,0.496,94.01
974,75,77,0.817,0.158,0.539,97.062
975,76,63,0.746,0.607,0.787,95.005
976,77,73,0.659,0.442,0.625,88.042
977,78,57,0.736,0.387,0.81,125.011
978,79,63,0.744,0.847,0.79,125.002
979,80,75,0.581,0.434,0.662,93.023
980,81,71,0.63,0.163,0.63,80.512
981,82,68,0.863,0.644,0.471,140.969
982,83,66,0.885,0.605,0.762,138.058
983,84,63,0.669,0.576,0.895,124.975
984,85,59,0.585,0.521,0.782,121.908
985,86,71,0.899,0.587,0.811,105.038
986,87,73,0.791,0.536,0.587,96.057
987,88,61,0.531,0.591,0.581,137.776
988,89,78,0.824,0.513,0.588,98.027
989,90,69,0.903,0.727,0.839,133.986
990,91,77,0.772,0.261,0.639,168.112
991,92,80,0.88,0.884,0.751,117.948
992,93,67,0.657,0.399,0.569,102.054
993,94,80,0.554,0.413,0.498,79.635
994,95,75,0.907,0.507,0.53,135.998
995,96,66,0.614,0.258,0.684,156.85
996,97,56,0.836,0.762,0.621,101.993
997,98,81,0.834,0.446,0.73,155.008
998,99,79,0.641,0.523,0.559,144.982
999,100,78,0.737,0.656,0.86,93.989
1000,1,17,0.513,0.345,0.796,171.017
1001,2,88,0.548,0.557,0.816,95.39
1002,3,67,0.73,0.467,0.729,113.012
1003,4,80,0.787,0.779,0.673,110.962
1004,5,10,0.736,0.675,0.802,144.005
1005,6,80,0.896,0.642,0.586,116.971
1006,7,75,0.806,0.874,0.546,147.986
1007,8,74,0.672,0.646,0.855,123.056
1008,9,80,0.746,0.497,0.69,89.977
1009,10,80,0.935,0.357,0.454,133.073
1010,11,82,0.726,0.348,0.431,144.026
1011,12,0,0.746,0.737,0.765,114.044
1012,13,12,0.7,0.756,0.722,90.989
1013,14,48,0.613,0.551,0.581,130.033
1014,15,59,0.785,0.894,0.721,121.962
1015,16,81,0.709,0.543,0.548,83.995
1016,17,73,0.834,0.837,0.454,81.618
1017,18,63,0.826,0.541,0.593,98.083
1018,19,75,0.774,0.349,0.554,99.034
1019,20,56,0.8,0.462,0.658,140.042
1020,21,63,0.625,0.532,0.811,144.994
1021,22,73,0.652,0.549,0.383,145.765
1022,23,72,0.795,0.537,0.574,142.053
1023,24,79,0.794,0.677,0.793,123.941
1024,25,3,0.784,0.236,0.43,127.087
1025,26,82,0.597,0.537,0.45,178.765
1026,27,81,0.731,0.145,0.573,109.928
1027,28,84,0.695,0.553,0.762,120.042
1028,29,68,0.822,0.636,0.743,84.459
1029,30,83,0.667,0.0823,0.373,124.148
1030,31,62,0.705,0.259,0.814,110.0
1031,32,69,0.687,0.494,0.514,145.921
1032,33,81,0.459,0.183,0.575,111.881
1033,34,73,0.591,0.324,0.585,110.94
1034,35,84,0.676,0.569,0.771,99.048
1035,36,1,0.828,0.351,0.782,130.013
1036,37,71,0.728,0.629,0.431,130.022
1037,38,78,0.621,0.457,0.601,116.735
1038,39,80,0.823,0.347,0.586,125.971
1039,40,74,0.8,0.45,0.56,163.071
1040,41,32,0.764,0.575,0.32,91.019
1041,42,75,0.889,0.716,0.34,94.009
1042,43,64,0.712,0.504,0.598,130.007
1043,44,77,0.878,0.694,0.525,112.022
1044,45,81,0.83,0.485,0.585,109.978
1045,46,64,0.781,0.595,0.67,127.99
1046,47,79,0.702,0.915,0.825,102.977
1047,48,76,0.716,0.28,0.537,129.979
1048,49,76,0.904,0.835,0.723,145.013
1049,50,78,0.789,0.664,0.72,122.031
1050,51,81,0.734,0.905,0.874,122.953
1051,52,77,0.767,0.761,0.481,150.076
1052,53,77,0.399,0.151,0.491,91.066
1053,54,80,0.761,0.522,0.518,133.976
1054,55,83,0.808,0.829,0.745,165.995
1055,56,75,0.673,0.372,0.704,86.919
1056,57,78,0.667,0.717,0.719,100.021
1057,58,63,0.862,0.841,0.631,128.978
1058,59,64,0.838,0.631,0.545,114.998
1059,60,1,0.728,0.33,0.685,124.934
1060,61,17,0.591,0.386,0.848,105.922
1061,62,69,0.894,0.428,0.635,105.013
1062,63,77,0.803,0.574,0.715,101.085
1063,64,81,0.704,0.243,0.225,120.006
1064,65,76,0.63,0.452,0.633,93.995
1065,66,84,0.501,0.446,0.405,109.891
1066,67,80,0.88,0.884,0.751,117.948
1067,68,75,0.631,0.0927,0.239,79.859
1068,69,76,0.571,0.393,0.693,168.169
1069,70,77,0.674,0.33,0.774,112.05
1070,71,74,0.647,0.746,0.844,146.967
1071,72,76,0.783,0.558,0.727,180.067
1072,73,78,0.464,0.604,0.473,75.801
1073,74,44,0.723,0.684,0.704,105.095
1074,75,66,0.752,0.784,0.87,120.006
1075,76,0,0.65,0.0804,0.613,149.972
1076,77,79,0.68,0.446,0.729,123.97
1077,78,72,0.79,0.508,0.694,103.007
1078,79,79,0.755,0.925,0.522,89.96
1079,80,64,0.79,0.904,0.729,159.989
1080,81,83,0.701,0.562,0.425,135.128
1081,82,77,0.755,0.581,0.578,94.148
1082,83,72,0.333,0.132,0.637,139.898
1083,84,71,0.776,0.485,0.509,94.634
1084,85,70,0.43,0.731,0.7,158.373
1085,86,70,0.852,0.324,0.698,113.039
1086,87,72,0.654,0.448,0.707,127.97
1087,88,31,0.676,0.796,0.815,117.973
1088,89,84,0.357,0.27,0.425,102.078
1089,90,80,0.607,0.685,0.829,96.172
1090,91,81,0.598,0.0605,0.427,76.469
1091,92,79,0.789,0.753,0.711,112.985
1092,93,75,0.794,0.241,0.32,174.088
1093,94,71,0.444,0.0875,0.309,104.745
1094,95,78,0.759,0.749,0.548,116.967
1095,96,62,0.501,0.152,0.674,155.051
1096,97,75,0.81,0.837,0.511,151.947
1097,98,83,0.841,0.43,0.728,130.049
1098,99,78,0.48,0.269,0.602,179.798
1099,100,78,0.789,0.661,0.742,116.965
1100,1,30,0.556,0.668,0.661,168.56
1101,2,68,0.586,0.719,0.616,148.088
1102,3,86,0.714,0.589,0.8,134.002
1103,4,83,0.762,0.742,0.701,110.968
1104,5,81,0.83,0.485,0.585,109.978
1105,6,82,0.831,0.396,0.554,140.026
1106,7,80,0.61,0.758,0.508,178.818
1107,8,80,0.778,0.472,0.695,149.996
1108,9,38,0.808,0.591,0.897,126.026
1109,10,82,0.653,0.553,0.524,83.97
1110,11,81,0.436,0.412,0.655,121.002
1111,12,91,0.824,0.881,0.764,107.998
1112,13,30,0.585,0.132,0.436,143.874
1113,14,86,0.677,0.464,0.696,90.03
1114,15,90,0.591,0.478,0.764,169.928
1115,16,79,0.702,0.915,0.825,102.977
1116,17,86,0.761,0.531,0.525,80.87
1117,18,10,0.759,0.695,0.459,109.997
1118,19,85,0.65,0.593,0.825,118.091
1119,20,88,0.604,0.13,0.366,141.981
1120,21,88,0.332,0.297,0.225,81.055
1121,22,81,0.449,0.543,0.465,89.087
1122,23,22,0.439,0.172,0.61,181.088
1123,24,74,0.868,0.819,0.795,166.0
1124,25,83,0.78,0.342,0.718,127.949
1125,26,84,0.737,0.682,0.802,144.015
1126,27,83,0.631,0.205,0.518,93.023
1127,28,86,0.588,0.443,0.701,104.988
1128,29,13,0.788,0.822,0.859,141.02
1129,30,83,0.749,0.189,0.463,90.035
1130,31,76,0.686,0.584,0.538,115.884
1131,32,5,0.735,0.897,0.47,87.971
1132,33,79,0.788,0.822,0.859,141.02
1133,34,75,0.655,0.467,0.469,92.56
1134,35,80,0.907,0.202,0.393,104.949
1135,36,80,0.767,0.381,0.438,86.975
1136,37,76,0.823,0.664,0.544,149.903
1137,38,86,0.727,0.533,0.739,93.005
1138,39,77,0.722,0.59,0.588,134.01
1139,40,82,0.731,0.145,0.573,109.928
1140,41,76,0.392,0.529,0.574,81.112
1141,42,84,0.701,0.732,0.716,91.007
1142,43,76,0.863,0.838,0.666,163.908
1143,44,76,0.658,0.29,0.634,139.98
1144,45,72,0.626,0.416,0.79,119.082
1145,46,75,0.719,0.66,0.648,140.201
1146,47,76,0.713,0.682,0.617,168.021
1147,48,76,0.641,0.273,0.324,110.184
1148,49,76,0.965,0.312,0.485,124.025
1149,50,64,0.781,0.595,0.67,127.99
1150,51,89,0.514,0.334,0.73,171.005
1151,52,82,0.856,0.391,0.618,81.993
1152,53,33,0.713,0.721,0.676,99.048
1153,54,75,0.889,0.716,0.34,94.009
1154,55,66,0.698,0.322,0.708,115.036
1155,56,83,0.798,0.235,0.62,120.031
1156,57,77,0.799,0.471,0.66,140.04
1157,58,88,0.548,0.557,0.816,95.39
1158,59,4,0.671,0.518,0.336,75.051
1159,60,64,0.723,0.443,0.646,110.971
1160,61,27,0.584,0.56,0.547,83.917
1161,62,38,0.746,0.737,0.765,114.044
1162,63,81,0.734,0.905,0.874,122.953
1163,64,87,0.68,0.644,0.826,118.051
1164,65,73,0.914,0.469,0.732,94.066
1165,66,76,0.84,0.402,0.766,94.018
1166,67,69,0.88,0.726,0.662,109.988
1167,68,75,0.781,0.0628,0.594,129.895
1168,69,69,0.311,0.286,0.607,188.7
1169,70,70,0.595,0.109,0.543,99.928
1170,71,61,0.538,0.12,0.512,144.978
1171,72,76,0.487,0.173,0.534,131.798
1172,73,77,0.597,0.0753,0.587,140.021
1173,74,7,0.634,0.203,0.285,129.65
1174,75,89,0.644,0.44,0.648,179.951
1175,76,77,0.855,0.866,0.463,102.931
1176,77,72,0.664,0.194,0.609,130.041
1177,78,85,0.828,0.436,0.621,128.986
1178,79,83,0.75,0.958,0.608,132.507
1179,80,36,0.702,0.646,0.741,124.925
1180,81,79,0.797,0.288,0.631,129.915
1181,82,83,0.666,0.292,0.465,167.937
1182,83,88,0.664,0.194,0.609,130.041
1183,84,20,0.587,0.351,0.561,80.009
1184,85,88,0.762,0.442,0.766,130.001
1185,86,91,0.737,0.546,0.846,87.981
1186,87,62,0.523,0.494,0.702,179.992
1187,88,74,0.827,0.607,0.731,118.992
1188,89,57,0.708,0.698,0.598,112.027
1189,90,70,0.39,0.191,0.83,90.021
1190,91,90,0.796,0.942,0.798,116.032
1191,92,83,0.721,0.637,0.738,119.976
1192,93,64,0.692,0.733,0.639,140.059
1193,94,70,0.446,0.267,0.395,71.944
1194,1,96,0.761,0.531,0.525,80.87
1195,2,97,0.813,0.397,0.733,91.988
1196,3,94,0.591,0.478,0.764,169.928
1197,4,92,0.583,0.557,0.834,173.935
1198,5,90,0.728,0.555,0.783,77.011
1199,6,79,0.795,0.934,0.8,116.032
1200,7,100,0.695,0.415,0.54,121.932
1201,8,91,0.741,0.892,0.691,150.087
1202,9,98,0.843,0.899,0.7,93.991
1203,10,92,0.869,0.511,0.694,90.02
1204,11,94,0.601,0.441,0.741,153.96
1205,12,96,0.788,0.822,0.859,141.02
1206,13,96,0.41,0.0899,0.611,185.727
1207,14,97,0.824,0.881,0.764,107.998
1208,15,94,0.87,0.832,0.548,96.018
1209,16,95,0.756,0.956,0.697,94.996
1210,17,91,0.604,0.13,0.366,141.981
1211,18,97,0.737,0.546,0.846,87.981
1212,19,96,0.671,0.262,0.636,120.966
1213,20,96,0.807,0.537,0.893,126.011
1214,21,87,0.762,0.442,0.766,130.001
1215,22,96,0.754,0.464,0.763,117.953
1216,23,96,0.563,0.688,0.664,166.928
1217,24,96,0.345,0.232,0.612,179.773
1218,25,96,0.671,0.494,0.673,121.963
1219,26,86,0.812,0.573,0.855,90.04
1220,27,89,0.573,0.47,0.711,105.006
1221,28,95,0.514,0.334,0.73,171.005
1222,29,96,0.575,0.466,0.648,75.977
1223,30,59,0.442,0.139,0.538,122.758
1224,31,95,0.639,0.138,0.703,169.888
1225,32,94,0.664,0.194,0.609,130.041
1226,33,94,0.612,0.398,0.807,124.053
1227,34,94,0.609,0.454,0.692,116.959
1228,35,95,0.644,0.44,0.648,179.951
1229,36,89,0.764,0.781,0.705,110.97
1230,37,95,0.854,0.637,0.806,124.927
1231,38,83,0.69,0.912,0.626,184.009
1232,39,94,0.38,0.0849,0.339,100.607
1233,40,62,0.426,0.0643,0.225,104.506
1234,41,95,0.577,0.83,0.45,205.863
1235,42,87,0.583,0.336,0.61,114.06
1236,43,90,0.702,0.915,0.825,102.977
1237,44,91,0.954,0.372,0.367,124.026
1238,45,84,0.889,0.588,0.641,87.99
1239,46,92,0.778,0.554,0.571,134.999
1240,47,93,0.561,0.137,0.431,143.875
1241,48,86,0.925,0.771,0.454,135.02
1242,49,92,0.68,0.644,0.826,118.051
1243,50,93,0.575,0.37,0.568,93.986
